/*!40101 SET @OLD_CHARACTER_SET_CLIENT=@@CHARACTER_SET_CLIENT */;
/*!40101 SET @OLD_CHARACTER_SET_RESULTS=@@CHARACTER_SET_RESULTS */;
/*!40101 SET @OLD_COLLATION_CONNECTION=@@COLLATION_CONNECTION */;
/*!40101 SET NAMES utf8 */;
/*!40014 SET @OLD_FOREIGN_KEY_CHECKS=@@FOREIGN_KEY_CHECKS, FOREIGN_KEY_CHECKS=0 */;
/*!40101 SET @OLD_SQL_MODE=@@SQL_MODE, SQL_MODE='NO_AUTO_VALUE_ON_ZERO' */;
DROP TABLE IF EXISTS articulos;
CREATE TABLE `articulos` (
  `id` int(255) NOT NULL AUTO_INCREMENT,
  `nombre` varchar(255) NOT NULL,
  `stock` int(255) NOT NULL,
  `precio` int(255) NOT NULL,
  `precio_minimo` int(255) NOT NULL,
  PRIMARY KEY (`id`)
) ENGINE=InnoDB DEFAULT CHARSET=utf8mb4;

DROP TABLE IF EXISTS caja_chica;
CREATE TABLE `caja_chica` (
  `id_caja` int(11) NOT NULL AUTO_INCREMENT,
  `referencia_caja` varchar(255) CHARACTER SET utf8 NOT NULL,
  `monto_caja` double NOT NULL,
  `descripcion_caja` varchar(255) CHARACTER SET utf8 NOT NULL,
  `tipo_caja` tinyint(4) NOT NULL,
  `users_caja` int(11) NOT NULL,
  `date_added_caja` datetime NOT NULL,
  PRIMARY KEY (`id_caja`)
) ENGINE=InnoDB DEFAULT CHARSET=utf8mb4;

DROP TABLE IF EXISTS cargo;
CREATE TABLE `cargo` (
  `id_cargo` int(11) NOT NULL AUTO_INCREMENT,
  `nombre_cargo` varchar(255) CHARACTER SET utf8 NOT NULL,
  `estado_cargo` varchar(11) NOT NULL,
  PRIMARY KEY (`id_cargo`)
) ENGINE=InnoDB DEFAULT CHARSET=utf8mb4;

DROP TABLE IF EXISTS clientes;
CREATE TABLE `clientes` (
  `id_cliente` int(11) NOT NULL AUTO_INCREMENT,
  `nombre_cliente` varchar(255) CHARACTER SET utf8 NOT NULL,
  `fiscal_cliente` varchar(255) CHARACTER SET utf8 NOT NULL,
  `telefono_cliente` char(30) CHARACTER SET utf8 NOT NULL,
  `email_cliente` varchar(64) CHARACTER SET utf8 NOT NULL,
  `direccion_cliente` varchar(255) CHARACTER SET utf8 NOT NULL,
  `status_cliente` tinyint(4) NOT NULL,
  `date_added` datetime NOT NULL,
  PRIMARY KEY (`id_cliente`),
  UNIQUE KEY `codigo_producto` (`nombre_cliente`)
) ENGINE=InnoDB AUTO_INCREMENT=3 DEFAULT CHARSET=utf8mb4;

LOCK TABLES clientes WRITE;
INSERT INTO clientes VALUES
 (1,'CLIENTE GENERAL','000000-0','00000000','cliente@general.com','0',1,'2020-08-26 11:58:54'),
 (2,'EUSEBIO CORREA (GRANJA)','0000000','0123456','','NARANJAL',1,'2020-12-06 19:50:54');
UNLOCK TABLES;

DROP TABLE IF EXISTS comprobantes;
CREATE TABLE `comprobantes` (
  `id_comp` int(11) NOT NULL AUTO_INCREMENT,
  `nombre_comp` varchar(100) CHARACTER SET utf8 NOT NULL,
  `serie_comp` varchar(100) CHARACTER SET utf8 NOT NULL,
  `desde_comp` int(11) NOT NULL,
  `hasta_comp` int(11) NOT NULL,
  `long_comp` int(11) NOT NULL,
  `actual_comp` int(11) NOT NULL,
  `vencimiento_comp` date NOT NULL,
  `estado_comp` int(11) NOT NULL,
  PRIMARY KEY (`id_comp`)
) ENGINE=InnoDB AUTO_INCREMENT=3 DEFAULT CHARSET=utf8mb4;

LOCK TABLES comprobantes WRITE;
INSERT INTO comprobantes VALUES
 (1,'INTERNO','A2020',1,55,6,3,'2020-04-22',1);
UNLOCK TABLES;

DROP TABLE IF EXISTS credito_proveedor;
CREATE TABLE `credito_proveedor` (
  `id_credito` int(11) NOT NULL AUTO_INCREMENT,
  `numero_factura` varchar(20) CHARACTER SET utf8 NOT NULL,
  `fecha_credito` datetime NOT NULL,
  `id_proveedor` int(11) NOT NULL,
  `monto_credito` double NOT NULL,
  `saldo_credito` double NOT NULL,
  `estado_credito` tinyint(1) NOT NULL,
  `id_users_credito` int(11) NOT NULL,
  `id_sucursal` int(11) NOT NULL,
  `cantidad_pagos` varchar(30) NOT NULL,
  `id_factura` int(11) NOT NULL,
  PRIMARY KEY (`id_credito`),
  UNIQUE KEY `numero_cotizacion` (`numero_factura`),
  KEY `fk_id_factura` (`id_factura`)
) ENGINE=MyISAM DEFAULT CHARSET=utf8mb4;

DROP TABLE IF EXISTS creditos;
CREATE TABLE `creditos` (
  `id_credito` int(11) NOT NULL AUTO_INCREMENT,
  `numero_factura` varchar(20) CHARACTER SET utf8 NOT NULL,
  `fecha_credito` datetime NOT NULL,
  `id_cliente` int(11) NOT NULL,
  `id_vendedor` int(11) NOT NULL,
  `monto_credito` double NOT NULL,
  `restante_credito` double NOT NULL,
  `estado_credito` tinyint(1) NOT NULL,
  `id_users_credito` int(11) NOT NULL,
  `id_sucursal` int(11) NOT NULL,
  `cantidad_pagos` varchar(30) NOT NULL,
  `id_factura` int(11) NOT NULL,
  PRIMARY KEY (`id_credito`),
  UNIQUE KEY `numero_cotizacion` (`numero_factura`),
  KEY `id_factura` (`id_factura`)
) ENGINE=MyISAM AUTO_INCREMENT=2 DEFAULT CHARSET=utf8mb4;

LOCK TABLES creditos WRITE;
INSERT INTO creditos VALUES
 (1,'A2020000012','2020-12-06 19:54:57',2,0,112000,0,2,0,1,'2',10);
UNLOCK TABLES;

DROP TABLE IF EXISTS creditos_abonos;
CREATE TABLE `creditos_abonos` (
  `id_abono` int(11) NOT NULL AUTO_INCREMENT,
  `numero_factura` varchar(20) CHARACTER SET utf8 NOT NULL,
  `fecha_abono` datetime NOT NULL,
  `id_cliente` int(11) NOT NULL,
  `monto_abono` double NOT NULL,
  `abono` double NOT NULL,
  `saldo_abono` double NOT NULL,
  `id_users_abono` int(11) NOT NULL,
  `id_sucursal` int(11) NOT NULL,
  `concepto_abono` varchar(255) CHARACTER SET utf8 NOT NULL,
  `id_credito` int(11) NOT NULL,
  PRIMARY KEY (`id_abono`),
  KEY `id_credito` (`id_credito`)
) ENGINE=MyISAM AUTO_INCREMENT=3 DEFAULT CHARSET=utf8mb4;

LOCK TABLES creditos_abonos WRITE;
INSERT INTO creditos_abonos VALUES
 (1,'A2020000012','2020-12-06 19:54:57',2,112000,0,112000,0,1,'CREDITO INICAL',1),
 (2,'A2020000012','2020-12-25 21:10:34',2,112000,112000,0,0,1,'PAGO',0);
UNLOCK TABLES;

DROP TABLE IF EXISTS creditos_abonos_prov;
CREATE TABLE `creditos_abonos_prov` (
  `id_abono` int(11) NOT NULL AUTO_INCREMENT,
  `numero_factura` varchar(20) CHARACTER SET utf8 NOT NULL,
  `fecha_abono` datetime NOT NULL,
  `id_proveedor` int(11) NOT NULL,
  `monto_abono` double NOT NULL,
  `abono` double NOT NULL,
  `saldo_abono` double NOT NULL,
  `id_users_abono` int(11) NOT NULL,
  `id_sucursal` int(11) NOT NULL,
  `concepto_abono` varchar(255) CHARACTER SET utf8 NOT NULL,
  `id_credito` int(11) NOT NULL,
  PRIMARY KEY (`id_abono`),
  KEY `fk_id_credito` (`id_credito`)
) ENGINE=MyISAM DEFAULT CHARSET=utf8mb4;

DROP TABLE IF EXISTS currencies;
CREATE TABLE `currencies` (
  `id` int(10) unsigned NOT NULL AUTO_INCREMENT,
  `name` varchar(255) NOT NULL,
  `symbol` varchar(255) NOT NULL,
  `precision` varchar(255) NOT NULL,
  `thousand_separator` varchar(255) NOT NULL,
  `decimal_separator` varchar(255) NOT NULL,
  `code` varchar(255) NOT NULL,
  `cotizacion` double DEFAULT NULL,
  `cotizacion_date` varchar(3) DEFAULT NULL,
  PRIMARY KEY (`id`)
) ENGINE=InnoDB AUTO_INCREMENT=36 DEFAULT CHARSET=utf8mb4;

LOCK TABLES currencies WRITE;
INSERT INTO currencies VALUES
 (1,'US Dollar','$.','2',',','.','USD',6830,'12'),
 (20,'Real Brasile&ntilde;o','R$.','2','.',',','BRL',1180,'12'),
 (35,'Guaraní','Gs.','3','.','','PYG',2,'27');
UNLOCK TABLES;

DROP TABLE IF EXISTS detalle_fact_compra;
CREATE TABLE `detalle_fact_compra` (
  `id_detalle` int(11) NOT NULL AUTO_INCREMENT,
  `id_factura` int(11) NOT NULL,
  `numero_factura` varchar(50) CHARACTER SET utf8 NOT NULL,
  `id_producto` int(11) NOT NULL,
  `cantidad` double NOT NULL,
  `precio_costo` double NOT NULL,
  PRIMARY KEY (`id_detalle`),
  KEY `numero_cotizacion` (`numero_factura`,`id_producto`),
  KEY `id_factura` (`id_factura`)
) ENGINE=MyISAM DEFAULT CHARSET=utf8mb4;

DROP TABLE IF EXISTS detalle_fact_cot;
CREATE TABLE `detalle_fact_cot` (
  `id_detalle` int(11) NOT NULL AUTO_INCREMENT,
  `id_factura` int(11) NOT NULL,
  `numero_factura` varchar(25) CHARACTER SET utf8 NOT NULL,
  `id_producto` int(11) NOT NULL,
  `cantidad` int(11) NOT NULL,
  `desc_venta` int(11) NOT NULL,
  `precio_venta` double NOT NULL,
  PRIMARY KEY (`id_detalle`),
  KEY `numero_cotizacion` (`numero_factura`,`id_producto`),
  KEY `id_factura` (`id_factura`),
  KEY `numero_factura` (`numero_factura`)
) ENGINE=MyISAM DEFAULT CHARSET=utf8mb4;

DROP TABLE IF EXISTS detalle_fact_ventas;
CREATE TABLE `detalle_fact_ventas` (
  `id_detalle` int(11) NOT NULL AUTO_INCREMENT,
  `id_factura` int(11) NOT NULL,
  `numero_factura` varchar(25) CHARACTER SET utf8 NOT NULL,
  `id_producto` int(11) NOT NULL,
  `cantidad` int(11) NOT NULL,
  `desc_venta` int(11) NOT NULL,
  `precio_venta` double NOT NULL,
  `importe_venta` double NOT NULL,
  PRIMARY KEY (`id_detalle`),
  KEY `numero_cotizacion` (`numero_factura`,`id_producto`),
  KEY `id_factura` (`id_factura`),
  KEY `numero_factura` (`numero_factura`)
) ENGINE=MyISAM AUTO_INCREMENT=241 DEFAULT CHARSET=utf8mb4;

LOCK TABLES detalle_fact_ventas WRITE;
INSERT INTO detalle_fact_ventas VALUES
 (1,1,'A2020000003',11,1,0,18000,18000),
 (2,1,'A2020000003',1,1,0,20000,20000),
 (3,1,'A2020000003',10,2,0,15000,30000),
 (4,1,'A2020000003',7,1,0,7000,7000),
 (5,1,'A2020000003',28,1,0,8000,8000),
 (6,1,'A2020000003',25,1,0,5000,5000),
 (7,2,'A2020000004',16,2,0,25000,50000),
 (8,2,'A2020000004',21,2,0,20000,40000),
 (9,2,'A2020000004',40,1,0,11000,11000),
 (10,2,'A2020000004',13,2,0,20000,40000),
 (11,2,'A2020000004',30,1,0,4000,4000),
 (12,2,'A2020000004',29,1,0,9000,9000),
 (13,2,'A2020000004',31,2,0,5000,10000),
 (14,2,'A2020000004',3,1,0,15000,15000),
 (15,2,'A2020000004',1,2,0,20000,40000),
 (16,2,'A2020000004',37,1,0,7000,7000),
 (17,2,'A2020000004',11,2,0,18000,36000),
 (18,2,'A2020000004',15,2,0,25000,50000),
 (19,3,'A2020000005',11,1,0,18000,18000),
 (20,3,'A2020000005',10,1,0,15000,15000),
 (21,3,'A2020000005',40,1,0,20000,20000),
 (22,3,'A2020000005',7,6,0,7000,42000),
 (23,4,'A2020000006',6,4,0,5000,20000),
 (24,4,'A2020000006',11,1,0,18000,18000),
 (25,4,'A2020000006',31,1,0,5000,5000),
 (26,4,'A2020000006',37,1,0,7000,7000),
 (27,4,'A2020000006',28,1,0,8000,8000),
 (28,4,'A2020000006',10,12,0,15000,180000),
 (29,4,'A2020000006',22,1,0,25000,25000),
 (30,4,'A2020000006',18,2,0,15000,30000),
 (31,4,'A2020000006',7,5,0,7000,35000),
 (32,4,'A2020000006',43,1,0,4000,4000),
 (33,4,'A2020000006',35,1,0,4000,4000),
 (34,4,'A2020000006',44,3,0,12000,36000),
 (35,4,'A2020000006',46,4,0,7000,28000),
 (36,4,'A2020000006',47,2,0,5000,10000),
 (37,5,'A2020000007',30,2,0,4000,8000),
 (38,5,'A2020000007',4,2,0,5000,10000),
 (39,5,'A2020000007',1,9,0,20000,180000),
 (40,5,'A2020000007',13,1,0,20000,20000),
 (41,5,'A2020000007',10,5,0,15000,75000),
 (42,5,'A2020000007',17,1,0,13000,13000),
 (43,5,'A2020000007',11,4,0,18000,72000),
 (44,5,'A2020000007',7,4,0,7000,28000),
 (45,5,'A2020000007',48,2,0,3000,6000),
 (46,5,'A2020000007',49,1,0,12000,12000),
 (47,5,'A2020000007',28,1,0,8000,8000),
 (48,5,'A2020000007',50,1,0,10000,10000),
 (49,6,'A2020000008',7,2,0,5000,10000),
 (50,6,'A2020000008',1,4,0,20000,80000),
 (51,6,'A2020000008',16,1,0,25000,25000),
 (52,6,'A2020000008',31,2,0,5000,10000),
 (53,6,'A2020000008',30,1,0,4000,4000),
 (54,6,'A2020000008',52,2,0,5000,10000),
 (55,7,'A2020000009',7,3,0,7000,21000),
 (56,7,'A2020000009',14,2,0,25000,50000),
 (57,7,'A2020000009',1,5,0,20000,100000),
 (58,7,'A2020000009',11,3,0,18000,54000),
 (59,7,'A2020000009',6,2,0,5000,10000),
 (60,7,'A2020000009',30,2,0,4000,8000),
 (61,7,'A2020000009',31,3,0,5000,15000),
 (62,7,'A2020000009',28,1,0,8000,8000),
 (63,7,'A2020000009',2,3,0,15000,45000),
 (64,7,'A2020000009',3,2,0,15000,30000),
 (65,7,'A2020000009',16,1,0,25000,25000),
 (66,7,'A2020000009',46,4,0,7000,28000),
 (67,7,'A2020000009',53,2,0,10000,20000),
 (68,8,'A2020000010',7,3,0,7000,21000),
 (69,8,'A2020000010',11,2,0,18000,36000),
 (70,8,'A2020000010',10,3,0,15000,45000),
 (71,8,'A2020000010',16,1,0,25000,25000),
 (72,8,'A2020000010',40,1,0,25000,25000),
 (73,8,'A2020000010',1,3,0,20000,60000),
 (74,8,'A2020000010',2,1,0,15000,15000),
 (75,8,'A2020000010',31,2,0,5000,10000),
 (76,8,'A2020000010',55,1,0,13000,13000),
 (77,9,'A2020000011',7,3,0,7000,21000),
 (78,9,'A2020000011',46,4,0,7000,28000),
 (79,9,'A2020000011',2,4,0,15000,60000),
 (80,9,'A2020000011',11,7,0,18000,126000),
 (81,9,'A2020000011',31,4,0,5000,20000),
 (82,9,'A2020000011',1,9,0,20000,180000),
 (83,9,'A2020000011',21,1,0,20000,20000),
 (84,9,'A2020000011',10,9,0,15000,135000),
 (85,9,'A2020000011',48,1,0,3000,3000),
 (86,9,'A2020000011',12,1,0,15000,15000),
 (87,9,'A2020000011',14,1,0,25000,25000),
 (88,9,'A2020000011',15,1,0,25000,25000),
 (89,9,'A2020000011',6,2,0,5000,10000),
 (90,9,'A2020000011',28,1,0,8000,8000),
 (91,9,'A2020000011',49,1,0,12000,12000),
 (92,9,'A2020000011',56,2,0,8000,16000),
 (93,10,'A2020000012',1,5,0,20000,100000),
 (94,10,'A2020000012',57,1,0,12000,12000),
 (95,11,'A2020000013',31,2,0,5000,10000),
 (96,11,'A2020000013',53,4,0,10000,40000),
 (97,11,'A2020000013',11,1,0,18000,18000),
 (98,11,'A2020000013',1,6,0,20000,120000),
 (99,11,'A2020000013',3,2,0,15000,30000),
 (100,11,'A2020000013',7,2,0,7000,14000),
 (101,11,'A2020000013',35,1,0,4000,4000),
 (102,11,'A2020000013',16,1,0,25000,25000),
 (103,11,'A2020000013',38,3,0,7000,21000),
 (104,11,'A2020000013',21,1,0,20000,20000),
 (105,11,'A2020000013',24,1,0,35000,35000),
 (106,11,'A2020000013',32,1,0,5000,5000),
 (107,12,'A2020000014',10,3,0,15000,45000),
 (108,12,'A2020000014',2,2,0,15000,30000),
 (109,12,'A2020000014',7,4,0,7000,28000),
 (110,12,'A2020000014',36,1,0,7000,7000),
 (111,12,'A2020000014',21,1,0,20000,20000),
 (112,12,'A2020000014',1,4,0,20000,80000),
 (113,12,'A2020000014',38,3,0,7000,21000),
 (114,12,'A2020000014',9,1,0,20000,20000),
 (115,12,'A2020000014',3,5,0,15000,75000),
 (116,12,'A2020000014',17,1,0,13000,13000),
 (117,12,'A2020000014',49,1,0,12000,12000),
 (118,13,'A2020000015',5,2,0,5000,10000),
 (119,13,'A2020000015',7,5,0,7000,35000),
 (120,13,'A2020000015',15,1,0,25000,25000),
 (121,13,'A2020000015',13,1,0,20000,20000),
 (122,13,'A2020000015',31,1,0,5000,5000),
 (123,13,'A2020000015',46,3,0,7000,21000),
 (124,13,'A2020000015',10,10,0,15000,150000),
 (125,13,'A2020000015',37,1,0,7000,7000),
 (126,13,'A2020000015',38,3,0,7000,21000),
 (127,13,'A2020000015',1,2,0,20000,40000),
 (128,13,'A2020000015',16,9,0,25000,225000),
 (129,13,'A2020000015',11,4,0,18000,72000),
 (130,13,'A2020000015',29,1,0,9000,9000),
 (131,13,'A2020000015',18,1,0,15000,15000),
 (132,14,'A2020000016',1,3,0,20000,60000),
 (133,14,'A2020000016',3,3,0,15000,45000),
 (134,14,'A2020000016',2,2,0,15000,30000),
 (135,14,'A2020000016',58,1,0,2500,2500),
 (136,14,'A2020000016',59,1,0,3000,3000),
 (137,14,'A2020000016',41,8,0,6000,48000),
 (138,14,'A2020000016',35,1,0,4000,4000),
 (139,14,'A2020000016',38,1,0,7000,7000),
 (140,14,'A2020000016',23,1,0,25000,25000),
 (141,14,'A2020000016',21,1,0,20000,20000),
 (142,14,'A2020000016',60,1,0,4000,4000),
 (143,14,'A2020000016',27,1,0,10000,10000),
 (144,14,'A2020000016',10,2,0,15000,30000),
 (145,14,'A2020000016',7,1,0,7000,7000),
 (146,14,'A2020000016',11,3,0,18000,54000),
 (147,14,'A2020000016',16,1,0,25000,25000),
 (148,15,'A2020000017',12,1,0,15000,15000),
 (149,15,'A2020000017',33,1,0,5000,5000),
 (150,15,'A2020000017',2,8,0,15000,120000),
 (151,15,'A2020000017',11,5,0,18000,90000),
 (152,15,'A2020000017',46,6,0,7000,42000),
 (153,15,'A2020000017',31,1,0,5000,5000),
 (154,15,'A2020000017',44,1,0,12000,12000),
 (155,15,'A2020000017',26,1,0,10000,10000),
 (156,15,'A2020000017',13,1,0,20000,20000),
 (157,15,'A2020000017',29,1,0,9000,9000),
 (158,15,'A2020000017',7,6,0,7000,42000),
 (159,15,'A2020000017',16,2,0,25000,50000),
 (160,15,'A2020000017',32,4,0,5000,20000),
 (161,15,'A2020000017',1,2,0,20000,40000),
 (162,15,'A2020000017',38,1,0,7000,7000),
 (163,15,'A2020000017',10,1,0,15000,15000),
 (164,15,'A2020000017',49,1,0,12000,12000),
 (165,16,'A2020000018',1,3,0,20000,60000),
 (166,16,'A2020000018',14,3,0,25000,75000),
 (167,16,'A2020000018',7,5,0,7000,35000),
 (168,16,'A2020000018',61,1,0,45000,45000),
 (169,16,'A2020000018',47,2,0,5000,10000),
 (170,16,'A2020000018',22,2,0,25000,50000),
 (171,16,'A2020000018',38,1,0,7000,7000),
 (172,16,'A2020000018',23,1,0,25000,25000),
 (173,16,'A2020000018',33,1,0,5000,5000),
 (174,16,'A2020000018',34,1,0,5000,5000),
 (175,16,'A2020000018',52,2,0,5000,10000),
 (176,16,'A2020000018',18,1,0,15000,15000),
 (177,16,'A2020000018',2,1,0,15000,15000),
 (178,16,'A2020000018',11,3,0,18000,54000),
 (179,16,'A2020000018',49,1,0,12000,12000),
 (180,16,'A2020000018',30,1,0,4000,4000),
 (181,17,'A2020000019',1,2,0,20000,40000),
 (182,17,'A2020000019',2,2,0,15000,30000),
 (183,17,'A2020000019',7,3,0,7000,21000),
 (184,17,'A2020000019',40,1,0,25000,25000),
 (185,17,'A2020000019',11,1,0,18000,18000),
 (186,17,'A2020000019',10,2,0,15000,30000),
 (187,17,'A2020000019',47,2,0,5000,10000),
 (188,18,'A2020000020',61,3,0,45000,135000),
 (189,18,'A2020000020',1,12,0,20000,240000),
 (190,18,'A2020000020',7,4,0,7000,28000),
 (191,18,'A2020000020',60,5,0,4000,20000),
 (192,18,'A2020000020',22,3,0,25000,75000),
 (193,18,'A2020000020',2,3,0,15000,45000),
 (194,18,'A2020000020',16,7,0,25000,175000),
 (195,18,'A2020000020',47,6,0,5000,30000),
 (196,18,'A2020000020',10,2,0,15000,30000),
 (197,18,'A2020000020',30,1,0,4000,4000),
 (198,18,'A2020000020',12,1,0,15000,15000),
 (199,18,'A2020000020',38,1,0,7000,7000),
 (200,18,'A2020000020',11,3,0,18000,54000),
 (201,18,'A2020000020',21,2,0,20000,40000),
 (202,18,'A2020000020',23,2,0,25000,50000),
 (203,18,'A2020000020',24,1,0,35000,35000),
 (204,19,'A2020000021',1,2,0,20000,40000),
 (205,19,'A2020000021',11,1,0,18000,18000),
 (206,19,'A2020000021',52,12,0,5000,60000),
 (207,19,'A2020000021',61,2,0,45000,90000),
 (208,19,'A2020000021',49,1,0,12000,12000),
 (209,19,'A2020000021',10,8,0,15000,120000),
 (210,19,'A2020000021',16,1,0,25000,25000),
 (211,19,'A2020000021',3,2,0,15000,30000),
 (212,19,'A2020000021',24,1,0,35000,35000),
 (213,19,'A2020000021',38,4,0,7000,28000),
 (214,19,'A2020000021',23,1,0,25000,25000),
 (215,19,'A2020000021',21,1,0,20000,20000),
 (216,19,'A2020000021',41,3,0,6000,18000),
 (217,19,'A2020000021',13,2,0,20000,40000),
 (218,20,'A2020000022',29,1,0,9000,9000),
 (219,20,'A2020000022',52,8,0,5000,40000),
 (220,21,'A2020000023',54,3,0,15000,45000),
 (221,21,'A2020000023',1,5,0,20000,100000),
 (222,21,'A2020000023',2,1,0,15000,15000),
 (223,21,'A2020000023',16,3,0,25000,75000),
 (224,21,'A2020000023',44,2,0,12000,24000),
 (225,21,'A2020000023',31,1,0,5000,5000),
 (226,21,'A2020000023',10,7,0,15000,105000),
 (227,21,'A2020000023',34,2,0,5000,10000),
 (228,21,'A2020000023',52,9,0,5000,45000),
 (229,21,'A2020000023',38,1,0,7000,7000),
 (230,21,'A2020000023',12,3,0,15000,45000),
 (231,21,'A2020000023',30,1,0,4000,4000),
 (232,21,'A2020000023',21,1,0,20000,20000),
 (233,22,'A2020000024',46,2,0,7000,14000),
 (234,22,'A2020000024',33,1,0,5000,5000),
 (235,22,'A2020000024',1,5,0,20000,100000),
 (236,22,'A2020000024',44,2,0,12000,24000),
 (237,22,'A2020000024',22,1,0,25000,25000),
 (238,22,'A2020000024',24,1,0,35000,35000),
 (239,22,'A2020000024',2,1,0,15000,15000),
 (240,22,'A2020000024',10,1,0,15000,15000);
UNLOCK TABLES;

DROP TABLE IF EXISTS egresos;
CREATE TABLE `egresos` (
  `id_egreso` int(11) NOT NULL AUTO_INCREMENT,
  `referencia_egreso` varchar(100) CHARACTER SET latin1 NOT NULL,
  `monto` double NOT NULL,
  `descripcion_egreso` text CHARACTER SET latin1 NOT NULL,
  `fecha_added` datetime NOT NULL,
  `users` int(11) NOT NULL,
  PRIMARY KEY (`id_egreso`),
  KEY `users` (`users`)
) ENGINE=InnoDB DEFAULT CHARSET=utf8mb4;

DROP TABLE IF EXISTS estados_servicios;
CREATE TABLE `estados_servicios` (
  `id` int(255) NOT NULL AUTO_INCREMENT,
  `nombre` varchar(100) NOT NULL,
  `color` varchar(100) NOT NULL,
  PRIMARY KEY (`id`)
) ENGINE=InnoDB AUTO_INCREMENT=3 DEFAULT CHARSET=utf8mb4;

DROP TABLE IF EXISTS facturas_compras;
CREATE TABLE `facturas_compras` (
  `id_factura` int(11) NOT NULL AUTO_INCREMENT,
  `numero_factura` varchar(50) CHARACTER SET utf8 NOT NULL,
  `fecha_factura` datetime NOT NULL,
  `id_proveedor` int(11) NOT NULL,
  `id_vendedor` int(11) NOT NULL,
  `condiciones` int(11) NOT NULL,
  `monto_factura` double NOT NULL,
  `estado_factura` tinyint(4) NOT NULL,
  `id_users_factura` int(11) NOT NULL,
  `id_sucursal` int(11) NOT NULL,
  `ref_factura` varchar(50) CHARACTER SET utf8 NOT NULL,
  `numero_cheque` varchar(25) DEFAULT NULL,
  `numero_comprobante` varchar(25) DEFAULT NULL,
  PRIMARY KEY (`id_factura`),
  UNIQUE KEY `numero_cotizacion` (`numero_factura`),
  KEY `id_sucursal` (`id_sucursal`),
  KEY `id_proveedor` (`id_proveedor`),
  KEY `id_vendedor` (`id_vendedor`),
  KEY `id_users_factura` (`id_users_factura`)
) ENGINE=MyISAM DEFAULT CHARSET=utf8mb4;

DROP TABLE IF EXISTS facturas_cot;
CREATE TABLE `facturas_cot` (
  `id_factura` int(11) NOT NULL AUTO_INCREMENT,
  `numero_factura` varchar(20) CHARACTER SET utf8 NOT NULL,
  `fecha_factura` datetime NOT NULL,
  `id_cliente` int(11) NOT NULL,
  `id_vendedor` int(11) NOT NULL,
  `condiciones` varchar(30) CHARACTER SET utf8 NOT NULL,
  `monto_factura` double NOT NULL,
  `estado_factura` tinyint(1) NOT NULL,
  `id_users_factura` int(11) NOT NULL,
  `validez` double NOT NULL,
  `id_sucursal` int(11) NOT NULL,
  `descripcion` varchar(250) DEFAULT NULL,
  PRIMARY KEY (`id_factura`),
  UNIQUE KEY `numero_cotizacion` (`numero_factura`)
) ENGINE=MyISAM DEFAULT CHARSET=utf8mb4;

DROP TABLE IF EXISTS facturas_ventas;
CREATE TABLE `facturas_ventas` (
  `id_factura` int(11) NOT NULL AUTO_INCREMENT,
  `numero_factura` varchar(20) CHARACTER SET utf8 NOT NULL,
  `fecha_factura` datetime NOT NULL,
  `id_cliente` int(11) NOT NULL,
  `id_vendedor` int(11) NOT NULL,
  `condiciones` varchar(30) CHARACTER SET utf8 NOT NULL,
  `monto_factura` double NOT NULL,
  `estado_factura` tinyint(1) NOT NULL,
  `id_users_factura` int(11) NOT NULL,
  `dinero_resibido_fac` double NOT NULL,
  `id_sucursal` int(11) NOT NULL,
  `id_comp_factura` int(11) NOT NULL,
  `num_trans_factura` varchar(50) CHARACTER SET utf8 NOT NULL,
  `descripcion` varchar(255) DEFAULT NULL,
  `numero_comprobante` varchar(30) DEFAULT NULL,
  `numero_cheque` varchar(30) DEFAULT NULL,
  PRIMARY KEY (`id_factura`),
  UNIQUE KEY `numero_cotizacion` (`numero_factura`)
) ENGINE=MyISAM AUTO_INCREMENT=23 DEFAULT CHARSET=utf8mb4;

LOCK TABLES facturas_ventas WRITE;
INSERT INTO facturas_ventas VALUES
 (1,'A2020000003','2020-11-28 21:19:07',1,0,'1',88000,1,0,100000,1,1,'T000001','',NULL,NULL),
 (2,'A2020000004','2020-11-28 22:25:57',1,0,'1',312000,1,0,315000,1,1,'T000002','',NULL,NULL),
 (3,'A2020000005','2020-11-29 18:48:44',1,0,'1',95000,1,0,100000,1,1,'T000003','',NULL,NULL),
 (4,'A2020000006','2020-11-29 23:56:58',1,0,'1',410000,1,0,410000,1,1,'T000004','1-29-11-2020',NULL,NULL),
 (5,'A2020000007','2020-12-03 19:16:39',1,0,'1',442000,1,0,450000,1,1,'T000005','',NULL,NULL),
 (6,'A2020000008','2020-12-03 19:32:54',1,0,'1',139000,1,0,139000,1,1,'T000006','',NULL,NULL),
 (7,'A2020000009','2020-12-04 19:16:46',1,0,'1',414000,1,0,415000,1,1,'T000007','',NULL,NULL),
 (8,'A2020000010','2020-12-05 19:19:00',1,0,'1',250000,1,0,250000,1,1,'T000008','',NULL,NULL),
 (9,'A2020000011','2020-12-05 23:11:56',1,0,'1',704000,1,0,704000,1,1,'T000009','',NULL,NULL),
 (10,'A2020000012','2020-12-06 19:54:57',2,0,'4',112000,1,0,0,1,1,'T000010','',NULL,NULL),
 (11,'A2020000013','2020-12-06 21:14:41',1,0,'1',342000,1,0,350000,1,1,'T000011','',NULL,NULL),
 (12,'A2020000014','2020-12-06 22:33:42',1,0,'1',351000,1,0,360000,1,1,'T000012','',NULL,NULL),
 (13,'A2020000015','2020-12-13 21:58:42',1,0,'1',655000,1,0,700000,1,1,'T000013','',NULL,NULL),
 (14,'A2020000016','2020-12-19 20:18:49',1,0,'1',374500,1,0,400000,1,1,'T000014','',NULL,NULL),
 (15,'A2020000017','2020-12-19 22:25:49',1,0,'1',514000,1,0,515000,1,1,'T000015','',NULL,NULL),
 (16,'A2020000018','2020-12-20 22:41:54',1,0,'1',427000,1,0,450000,1,1,'T000016','',NULL,NULL),
 (17,'A2020000019','2020-12-25 16:46:46',1,0,'1',174000,1,0,174000,1,1,'T000017','',NULL,NULL),
 (18,'A2020000020','2020-12-27 22:47:34',1,0,'1',983000,1,0,990000,1,1,'T000018','',NULL,NULL),
 (19,'A2020000021','2021-01-02 22:22:27',1,0,'1',561000,1,0,570000,1,1,'T000019','',NULL,NULL),
 (20,'A2020000022','2021-01-02 22:51:57',1,0,'1',49000,1,0,50000,1,1,'T000020','',NULL,NULL),
 (21,'A2020000023','2021-01-03 20:58:20',1,0,'1',500000,1,0,500000,1,1,'T000021','',NULL,NULL),
 (22,'A2020000024','2021-01-03 22:11:59',1,0,'1',233000,1,0,250000,1,1,'T000022','',NULL,NULL);
UNLOCK TABLES;

DROP TABLE IF EXISTS grupos_servicios;
CREATE TABLE `grupos_servicios` (
  `id` int(255) NOT NULL AUTO_INCREMENT,
  `nombre` varchar(100) DEFAULT NULL,
  PRIMARY KEY (`id`)
) ENGINE=InnoDB DEFAULT CHARSET=utf8mb4;

DROP TABLE IF EXISTS historial_productos;
CREATE TABLE `historial_productos` (
  `id_historial` int(11) NOT NULL AUTO_INCREMENT,
  `id_producto` int(11) NOT NULL,
  `id_users` int(11) NOT NULL,
  `fecha_historial` datetime NOT NULL,
  `nota_historial` varchar(255) CHARACTER SET latin1 NOT NULL,
  `referencia_historial` varchar(100) CHARACTER SET latin1 NOT NULL,
  `cantidad_historial` double NOT NULL,
  `tipo_historial` int(11) NOT NULL,
  PRIMARY KEY (`id_historial`),
  KEY `id_producto` (`id_producto`)
) ENGINE=InnoDB AUTO_INCREMENT=10 DEFAULT CHARSET=utf8mb4;

LOCK TABLES historial_productos WRITE;
INSERT INTO historial_productos VALUES
 (1,35,0,'2020-12-03 19:22:38','agregó 12 producto(s) al inventario','Ajuste',12,1),
 (2,31,0,'2020-12-03 19:23:09','agregó 12 producto(s) al inventario','Ajuste',12,1),
 (3,33,0,'2020-12-03 19:23:32','agregó 6 producto(s) al inventario','Ajuste',6,1),
 (4,34,0,'2020-12-03 19:23:54','agregó 6 producto(s) al inventario','Ajuste',6,1),
 (5,44,0,'2020-12-03 19:26:30','agregó 12 producto(s) al inventario','Ajuste',12,1),
 (6,43,0,'2020-12-03 19:27:05','agregó 24 producto(s) al inventario','Ajuste',24,1),
 (7,55,0,'2020-12-05 19:16:23','agregó 100 producto(s) al inventario','',100,1),
 (8,38,0,'2020-12-19 19:52:47','agregó 10 producto(s) al inventario','ajuste',10,1),
 (9,28,0,'2020-12-27 21:49:06','agregó 100 producto(s) al inventario','',100,1);
UNLOCK TABLES;

DROP TABLE IF EXISTS impuestos;
CREATE TABLE `impuestos` (
  `id_imp` int(11) NOT NULL AUTO_INCREMENT,
  `nombre_imp` varchar(100) CHARACTER SET utf8 NOT NULL,
  `valor_imp` double NOT NULL,
  `estado_imp` int(11) NOT NULL,
  PRIMARY KEY (`id_imp`)
) ENGINE=InnoDB AUTO_INCREMENT=2 DEFAULT CHARSET=utf8mb4;

LOCK TABLES impuestos WRITE;
INSERT INTO impuestos VALUES
 (1,'IVA',13,1);
UNLOCK TABLES;

DROP TABLE IF EXISTS ingresos;
CREATE TABLE `ingresos` (
  `id_ingreso` int(11) NOT NULL AUTO_INCREMENT,
  `id_consulta` int(11) NOT NULL,
  `id_paciente` int(11) NOT NULL,
  `monto` double NOT NULL,
  `fecha_added` datetime NOT NULL,
  `users` int(11) NOT NULL,
  PRIMARY KEY (`id_ingreso`),
  KEY `id_consulta` (`id_consulta`),
  KEY `id_paciente` (`id_paciente`),
  KEY `users` (`users`)
) ENGINE=InnoDB DEFAULT CHARSET=utf8mb4;

DROP TABLE IF EXISTS kardex;
CREATE TABLE `kardex` (
  `id_kardex` int(11) NOT NULL AUTO_INCREMENT,
  `fecha_kardex` date NOT NULL,
  `producto_kardex` int(11) NOT NULL,
  `cant_entrada` double NOT NULL,
  `costo_entrada` double NOT NULL,
  `total_entrada` double NOT NULL,
  `cant_salida` double NOT NULL,
  `costo_salida` double NOT NULL,
  `total_salida` double NOT NULL,
  `cant_saldo` double NOT NULL,
  `costo_saldo` double NOT NULL,
  `total_saldo` double NOT NULL,
  `added_kardex` datetime NOT NULL,
  `users_kardex` int(11) NOT NULL,
  `tipo_movimiento` int(11) NOT NULL,
  PRIMARY KEY (`id_kardex`)
) ENGINE=InnoDB AUTO_INCREMENT=311 DEFAULT CHARSET=utf8mb4;

LOCK TABLES kardex WRITE;
INSERT INTO kardex VALUES
 (1,'2020-11-28',1,100,20000,2000000,0,0,0,100,20000,2000000,'2020-11-28 20:26:07',0,5),
 (2,'2020-11-28',2,100,15000,1500000,0,0,0,100,15000,1500000,'2020-11-28 20:26:53',0,5),
 (3,'2020-11-28',3,100,15000,1500000,0,0,0,100,15000,1500000,'2020-11-28 20:27:23',0,5),
 (4,'2020-11-28',4,100,5000,500000,0,0,0,100,5000,500000,'2020-11-28 20:27:49',0,5),
 (5,'2020-11-28',5,100,5000,500000,0,0,0,100,5000,500000,'2020-11-28 20:28:17',0,5),
 (6,'2020-11-28',6,100,5000,500000,0,0,0,100,5000,500000,'2020-11-28 20:28:48',0,5),
 (7,'2020-11-28',7,100,7000,700000,0,0,0,100,7000,700000,'2020-11-28 20:29:15',0,5),
 (8,'2020-11-28',8,100,5000,500000,0,0,0,100,5000,500000,'2020-11-28 20:29:36',0,5),
 (9,'2020-11-28',9,100,20000,2000000,0,0,0,100,20000,2000000,'2020-11-28 20:29:54',0,5),
 (10,'2020-11-28',10,100,15000,1500000,0,0,0,100,15000,1500000,'2020-11-28 20:31:26',0,5),
 (11,'2020-11-28',11,100,18000,1800000,0,0,0,100,18000,1800000,'2020-11-28 20:31:48',0,5),
 (12,'2020-11-28',12,100,15000,1500000,0,0,0,100,15000,1500000,'2020-11-28 20:32:14',0,5),
 (13,'2020-11-28',13,100,20000,2000000,0,0,0,100,20000,2000000,'2020-11-28 20:32:43',0,5),
 (14,'2020-11-28',14,100,25000,2500000,0,0,0,100,25000,2500000,'2020-11-28 20:33:50',0,5),
 (15,'2020-11-28',15,100,25000,2500000,0,0,0,100,25000,2500000,'2020-11-28 20:34:12',0,5),
 (16,'2020-11-28',16,100,25000,2500000,0,0,0,100,25000,2500000,'2020-11-28 20:34:44',0,5),
 (17,'2020-11-28',17,100,13000,1300000,0,0,0,100,13000,1300000,'2020-11-28 20:35:15',0,5),
 (18,'2020-11-28',18,100,15000,1500000,0,0,0,100,15000,1500000,'2020-11-28 20:35:39',0,5),
 (19,'2020-11-28',19,100,15000,1500000,0,0,0,100,15000,1500000,'2020-11-28 20:36:06',0,5),
 (20,'2020-11-28',20,100,15000,1500000,0,0,0,100,15000,1500000,'2020-11-28 20:36:32',0,5),
 (21,'2020-11-28',21,100,20000,2000000,0,0,0,100,20000,2000000,'2020-11-28 20:37:15',0,5),
 (22,'2020-11-28',22,100,25000,2500000,0,0,0,100,25000,2500000,'2020-11-28 20:37:41',0,5),
 (23,'2020-11-28',23,100,25000,2500000,0,0,0,100,25000,2500000,'2020-11-28 20:38:07',0,5),
 (24,'2020-11-28',24,100,35000,3500000,0,0,0,100,35000,3500000,'2020-11-28 20:38:33',0,5),
 (25,'2020-11-28',25,100,3000,300000,0,0,0,100,3000,300000,'2020-11-28 20:55:50',0,5),
 (26,'2020-11-28',26,5,10000,50000,0,0,0,5,10000,50000,'2020-11-28 21:05:03',0,5),
 (27,'2020-11-28',27,100,10000,1000000,0,0,0,100,10000,1000000,'2020-11-28 21:10:18',0,5),
 (28,'2020-11-28',28,5,8000,40000,0,0,0,5,8000,40000,'2020-11-28 21:17:45',0,5),
 (29,'2020-11-28',11,0,0,0,1,18000,18000,99,18000,1782000,'2020-11-28 21:19:07',0,2),
 (30,'2020-11-28',1,0,0,0,1,20000,20000,99,20000,1980000,'2020-11-28 21:19:07',0,2),
 (31,'2020-11-28',10,0,0,0,2,15000,30000,98,15000,1470000,'2020-11-28 21:19:07',0,2),
 (32,'2020-11-28',7,0,0,0,1,7000,7000,99,7000,693000,'2020-11-28 21:19:07',0,2),
 (33,'2020-11-28',28,0,0,0,1,8000,8000,4,8000,32000,'2020-11-28 21:19:07',0,2),
 (34,'2020-11-28',25,0,0,0,1,3000,3000,99,3000,297000,'2020-11-28 21:19:07',0,2),
 (35,'2020-11-28',29,9,9000,81000,0,0,0,9,9000,81000,'2020-11-28 21:42:33',0,5),
 (36,'2020-11-28',30,24,4000,96000,0,0,0,24,4000,96000,'2020-11-28 21:43:04',0,5),
 (37,'2020-11-28',31,8,5000,40000,0,0,0,8,5000,40000,'2020-11-28 21:43:58',0,5),
 (38,'2020-11-28',32,8,5000,40000,0,0,0,8,5000,40000,'2020-11-28 21:44:34',0,5),
 (39,'2020-11-28',33,6,5000,30000,0,0,0,6,5000,30000,'2020-11-28 21:45:08',0,5),
 (40,'2020-11-28',34,7,5000,35000,0,0,0,7,5000,35000,'2020-11-28 21:45:39',0,5),
 (41,'2020-11-28',35,7,4000,28000,0,0,0,7,4000,28000,'2020-11-28 21:48:13',0,5),
 (42,'2020-11-28',36,9,7000,63000,0,0,0,9,7000,63000,'2020-11-28 21:53:53',0,5),
 (43,'2020-11-28',37,7,7000,49000,0,0,0,7,7000,49000,'2020-11-28 21:54:29',0,5),
 (44,'2020-11-28',38,9,7000,63000,0,0,0,9,7000,63000,'2020-11-28 21:55:07',0,5),
 (45,'2020-11-28',39,5,7000,35000,0,0,0,5,7000,35000,'2020-11-28 21:55:45',0,5),
 (46,'2020-11-28',40,100,25000,2500000,0,0,0,100,25000,2500000,'2020-11-28 22:03:31',0,5),
 (47,'2020-11-28',16,0,0,0,2,25000,50000,98,25000,2450000,'2020-11-28 22:25:57',0,2),
 (48,'2020-11-28',21,0,0,0,2,20000,40000,98,20000,1960000,'2020-11-28 22:25:57',0,2),
 (49,'2020-11-28',40,0,0,0,1,25000,25000,99,25000,2475000,'2020-11-28 22:25:57',0,2),
 (50,'2020-11-28',13,0,0,0,2,20000,40000,98,20000,1960000,'2020-11-28 22:25:57',0,2),
 (51,'2020-11-28',30,0,0,0,1,4000,4000,23,4000,92000,'2020-11-28 22:25:57',0,2),
 (52,'2020-11-28',29,0,0,0,1,9000,9000,8,9000,72000,'2020-11-28 22:25:57',0,2),
 (53,'2020-11-28',31,0,0,0,2,5000,10000,6,5000,30000,'2020-11-28 22:25:57',0,2),
 (54,'2020-11-28',3,0,0,0,1,15000,15000,99,15000,1485000,'2020-11-28 22:25:57',0,2),
 (55,'2020-11-28',1,0,0,0,2,20000,40000,97,20000,1940000,'2020-11-28 22:25:57',0,2),
 (56,'2020-11-28',37,0,0,0,1,7000,7000,6,7000,42000,'2020-11-28 22:25:57',0,2),
 (57,'2020-11-28',11,0,0,0,2,18000,36000,97,18000,1746000,'2020-11-28 22:25:57',0,2),
 (58,'2020-11-28',15,0,0,0,2,25000,50000,98,25000,2450000,'2020-11-28 22:25:57',0,2),
 (59,'2020-11-29',11,0,0,0,1,18000,18000,96,18000,1728000,'2020-11-29 18:48:44',0,2),
 (60,'2020-11-29',10,0,0,0,1,15000,15000,97,15000,1455000,'2020-11-29 18:48:44',0,2),
 (61,'2020-11-29',40,0,0,0,1,25000,25000,98,25000,2450000,'2020-11-29 18:48:44',0,2),
 (62,'2020-11-29',7,0,0,0,6,7000,42000,93,7000,651000,'2020-11-29 18:48:44',0,2),
 (63,'2020-11-29',41,17,6000,102000,0,0,0,17,6000,102000,'2020-11-29 22:18:08',0,5),
 (64,'2020-11-29',42,46,5000,230000,0,0,0,46,5000,230000,'2020-11-29 22:21:40',0,5),
 (65,'2020-11-29',43,4,4000,16000,0,0,0,4,4000,16000,'2020-11-29 22:24:39',0,5),
 (66,'2020-11-29',44,8,12000,96000,0,0,0,8,12000,96000,'2020-11-29 22:29:25',0,5),
 (67,'2020-11-29',45,31,7000,217000,0,0,0,31,7000,217000,'2020-11-29 22:31:57',0,5),
 (68,'2020-11-29',46,28,7000,196000,0,0,0,28,7000,196000,'2020-11-29 23:32:33',0,5),
 (69,'2020-11-29',47,42,5000,210000,0,0,0,42,5000,210000,'2020-11-29 23:38:01',0,5),
 (70,'2020-11-29',6,0,0,0,4,5000,20000,96,5000,480000,'2020-11-29 23:56:58',0,2),
 (71,'2020-11-29',11,0,0,0,1,18000,18000,95,18000,1710000,'2020-11-29 23:56:58',0,2),
 (72,'2020-11-29',31,0,0,0,1,5000,5000,5,5000,25000,'2020-11-29 23:56:58',0,2),
 (73,'2020-11-29',37,0,0,0,1,7000,7000,5,7000,35000,'2020-11-29 23:56:58',0,2),
 (74,'2020-11-29',28,0,0,0,1,8000,8000,3,8000,24000,'2020-11-29 23:56:58',0,2),
 (75,'2020-11-29',10,0,0,0,12,15000,180000,85,15000,1275000,'2020-11-29 23:56:58',0,2),
 (76,'2020-11-29',22,0,0,0,1,25000,25000,99,25000,2475000,'2020-11-29 23:56:58',0,2),
 (77,'2020-11-29',18,0,0,0,2,15000,30000,98,15000,1470000,'2020-11-29 23:56:58',0,2),
 (78,'2020-11-29',7,0,0,0,5,7000,35000,88,7000,616000,'2020-11-29 23:56:58',0,2),
 (79,'2020-11-29',43,0,0,0,1,4000,4000,3,4000,12000,'2020-11-29 23:56:58',0,2),
 (80,'2020-11-29',35,0,0,0,1,4000,4000,6,4000,24000,'2020-11-29 23:56:58',0,2),
 (81,'2020-11-29',44,0,0,0,3,12000,36000,5,12000,60000,'2020-11-29 23:56:58',0,2),
 (82,'2020-11-29',46,0,0,0,4,7000,28000,24,7000,168000,'2020-11-29 23:56:58',0,2),
 (83,'2020-11-29',47,0,0,0,2,5000,10000,40,5000,200000,'2020-11-29 23:56:58',0,2),
 (84,'2020-12-03',48,27,3000,81000,0,0,0,27,3000,81000,'2020-12-03 19:07:49',0,5),
 (85,'2020-12-03',49,8,12000,96000,0,0,0,8,12000,96000,'2020-12-03 19:09:18',0,5),
 (86,'2020-12-03',50,10,10000,100000,0,0,0,10,10000,100000,'2020-12-03 19:14:08',0,5),
 (87,'2020-12-03',30,0,0,0,2,4000,8000,21,4000,84000,'2020-12-03 19:16:39',0,2),
 (88,'2020-12-03',4,0,0,0,2,5000,10000,98,5000,490000,'2020-12-03 19:16:39',0,2),
 (89,'2020-12-03',1,0,0,0,9,20000,180000,88,20000,1760000,'2020-12-03 19:16:39',0,2),
 (90,'2020-12-03',13,0,0,0,1,20000,20000,97,20000,1940000,'2020-12-03 19:16:39',0,2),
 (91,'2020-12-03',10,0,0,0,5,15000,75000,80,15000,1200000,'2020-12-03 19:16:39',0,2),
 (92,'2020-12-03',17,0,0,0,1,13000,13000,99,13000,1287000,'2020-12-03 19:16:39',0,2),
 (93,'2020-12-03',11,0,0,0,4,18000,72000,91,18000,1638000,'2020-12-03 19:16:39',0,2),
 (94,'2020-12-03',7,0,0,0,4,7000,28000,84,7000,588000,'2020-12-03 19:16:39',0,2),
 (95,'2020-12-03',48,0,0,0,2,3000,6000,25,3000,75000,'2020-12-03 19:16:39',0,2),
 (96,'2020-12-03',49,0,0,0,1,12000,12000,7,12000,84000,'2020-12-03 19:16:39',0,2),
 (97,'2020-12-03',28,0,0,0,1,8000,8000,2,8000,16000,'2020-12-03 19:16:39',0,2),
 (98,'2020-12-03',50,0,0,0,1,10000,10000,9,10000,90000,'2020-12-03 19:16:39',0,2),
 (99,'2020-12-03',35,12,4000,48000,0,0,0,18,4000,72000,'2020-12-03 19:22:38',0,3),
 (100,'2020-12-03',31,12,5000,60000,0,0,0,17,5000,85000,'2020-12-03 19:23:09',0,3),
 (101,'2020-12-03',33,6,5000,30000,0,0,0,12,5000,60000,'2020-12-03 19:23:32',0,3),
 (102,'2020-12-03',34,6,5000,30000,0,0,0,13,5000,65000,'2020-12-03 19:23:54',0,3),
 (103,'2020-12-03',51,6,8000,48000,0,0,0,6,8000,48000,'2020-12-03 19:25:14',0,5),
 (104,'2020-12-03',44,12,12000,144000,0,0,0,17,12000,204000,'2020-12-03 19:26:30',0,3),
 (105,'2020-12-03',43,24,4000,96000,0,0,0,27,4000,108000,'2020-12-03 19:27:05',0,3),
 (106,'2020-12-03',52,100,5000,500000,0,0,0,100,5000,500000,'2020-12-03 19:31:52',0,5),
 (107,'2020-12-03',7,0,0,0,2,7000,14000,82,7000,574000,'2020-12-03 19:32:54',0,2),
 (108,'2020-12-03',1,0,0,0,4,20000,80000,84,20000,1680000,'2020-12-03 19:32:54',0,2),
 (109,'2020-12-03',16,0,0,0,1,25000,25000,97,25000,2425000,'2020-12-03 19:32:54',0,2),
 (110,'2020-12-03',31,0,0,0,2,5000,10000,15,5000,75000,'2020-12-03 19:32:54',0,2),
 (111,'2020-12-03',30,0,0,0,1,4000,4000,20,4000,80000,'2020-12-03 19:32:54',0,2),
 (112,'2020-12-03',52,0,0,0,2,5000,10000,98,5000,490000,'2020-12-03 19:32:54',0,2),
 (113,'2020-12-04',53,100,10000,1000000,0,0,0,100,10000,1000000,'2020-12-04 19:15:52',0,5),
 (114,'2020-12-04',54,100,15000,1500000,0,0,0,100,15000,1500000,'2020-12-04 19:16:12',0,5),
 (115,'2020-12-04',7,0,0,0,3,7000,21000,79,7000,553000,'2020-12-04 19:16:46',0,2),
 (116,'2020-12-04',14,0,0,0,2,25000,50000,98,25000,2450000,'2020-12-04 19:16:46',0,2),
 (117,'2020-12-04',1,0,0,0,5,20000,100000,79,20000,1580000,'2020-12-04 19:16:46',0,2),
 (118,'2020-12-04',11,0,0,0,3,18000,54000,88,18000,1584000,'2020-12-04 19:16:46',0,2),
 (119,'2020-12-04',6,0,0,0,2,5000,10000,94,5000,470000,'2020-12-04 19:16:46',0,2),
 (120,'2020-12-04',30,0,0,0,2,4000,8000,18,4000,72000,'2020-12-04 19:16:46',0,2),
 (121,'2020-12-04',31,0,0,0,3,5000,15000,12,5000,60000,'2020-12-04 19:16:46',0,2),
 (122,'2020-12-04',28,0,0,0,1,8000,8000,1,8000,8000,'2020-12-04 19:16:46',0,2),
 (123,'2020-12-04',2,0,0,0,3,15000,45000,97,15000,1455000,'2020-12-04 19:16:46',0,2),
 (124,'2020-12-04',3,0,0,0,2,15000,30000,97,15000,1455000,'2020-12-04 19:16:46',0,2),
 (125,'2020-12-04',16,0,0,0,1,25000,25000,96,25000,2400000,'2020-12-04 19:16:46',0,2),
 (126,'2020-12-04',46,0,0,0,4,7000,28000,20,7000,140000,'2020-12-04 19:16:46',0,2),
 (127,'2020-12-04',53,0,0,0,2,10000,20000,98,10000,980000,'2020-12-04 19:16:46',0,2),
 (128,'2020-12-05',55,0,13000,0,0,0,0,0,0,0,'2020-12-05 19:14:13',0,5),
 (129,'2020-12-05',55,100,0,0,0,0,0,100,0,0,'2020-12-05 19:16:23',0,3),
 (130,'2020-12-05',7,0,0,0,3,7000,21000,76,7000,532000,'2020-12-05 19:19:00',0,2),
 (131,'2020-12-05',11,0,0,0,2,18000,36000,86,18000,1548000,'2020-12-05 19:19:00',0,2),
 (132,'2020-12-05',10,0,0,0,3,15000,45000,77,15000,1155000,'2020-12-05 19:19:00',0,2),
 (133,'2020-12-05',16,0,0,0,1,25000,25000,95,25000,2375000,'2020-12-05 19:19:00',0,2),
 (134,'2020-12-05',40,0,0,0,1,25000,25000,97,25000,2425000,'2020-12-05 19:19:00',0,2),
 (135,'2020-12-05',1,0,0,0,3,20000,60000,76,20000,1520000,'2020-12-05 19:19:00',0,2),
 (136,'2020-12-05',2,0,0,0,1,15000,15000,96,15000,1440000,'2020-12-05 19:19:00',0,2),
 (137,'2020-12-05',31,0,0,0,2,5000,10000,10,5000,50000,'2020-12-05 19:19:00',0,2),
 (138,'2020-12-05',55,0,0,0,1,13000,13000,99,0,1287000,'2020-12-05 19:19:00',0,2),
 (139,'2020-12-05',56,100,8000,800000,0,0,0,100,8000,800000,'2020-12-05 22:46:27',0,5),
 (140,'2020-12-05',7,0,0,0,3,7000,21000,73,7000,511000,'2020-12-05 23:11:56',0,2),
 (141,'2020-12-05',46,0,0,0,4,7000,28000,16,7000,112000,'2020-12-05 23:11:56',0,2),
 (142,'2020-12-05',2,0,0,0,4,15000,60000,92,15000,1380000,'2020-12-05 23:11:56',0,2),
 (143,'2020-12-05',11,0,0,0,7,18000,126000,79,18000,1422000,'2020-12-05 23:11:56',0,2),
 (144,'2020-12-05',31,0,0,0,4,5000,20000,6,5000,30000,'2020-12-05 23:11:56',0,2),
 (145,'2020-12-05',1,0,0,0,9,20000,180000,67,20000,1340000,'2020-12-05 23:11:56',0,2),
 (146,'2020-12-05',21,0,0,0,1,20000,20000,97,20000,1940000,'2020-12-05 23:11:56',0,2),
 (147,'2020-12-05',10,0,0,0,9,15000,135000,68,15000,1020000,'2020-12-05 23:11:56',0,2),
 (148,'2020-12-05',48,0,0,0,1,3000,3000,24,3000,72000,'2020-12-05 23:11:56',0,2),
 (149,'2020-12-05',12,0,0,0,1,15000,15000,99,15000,1485000,'2020-12-05 23:11:56',0,2),
 (150,'2020-12-05',14,0,0,0,1,25000,25000,97,25000,2425000,'2020-12-05 23:11:56',0,2),
 (151,'2020-12-05',15,0,0,0,1,25000,25000,97,25000,2425000,'2020-12-05 23:11:56',0,2),
 (152,'2020-12-05',6,0,0,0,2,5000,10000,92,5000,460000,'2020-12-05 23:11:56',0,2),
 (153,'2020-12-05',28,0,0,0,1,8000,8000,0,8000,0,'2020-12-05 23:11:56',0,2),
 (154,'2020-12-05',49,0,0,0,1,12000,12000,6,12000,72000,'2020-12-05 23:11:56',0,2),
 (155,'2020-12-05',56,0,0,0,2,8000,16000,98,8000,784000,'2020-12-05 23:11:56',0,2),
 (156,'2020-12-06',57,3,12000,36000,0,0,0,3,12000,36000,'2020-12-06 19:53:53',0,5),
 (157,'2020-12-06',1,0,0,0,5,20000,100000,62,20000,1240000,'2020-12-06 19:54:57',0,2),
 (158,'2020-12-06',57,0,0,0,1,12000,12000,2,12000,24000,'2020-12-06 19:54:57',0,2),
 (159,'2020-12-06',31,0,0,0,2,5000,10000,4,5000,20000,'2020-12-06 21:14:41',0,2),
 (160,'2020-12-06',53,0,0,0,4,10000,40000,94,10000,940000,'2020-12-06 21:14:41',0,2),
 (161,'2020-12-06',11,0,0,0,1,18000,18000,78,18000,1404000,'2020-12-06 21:14:41',0,2),
 (162,'2020-12-06',1,0,0,0,6,20000,120000,56,20000,1120000,'2020-12-06 21:14:41',0,2),
 (163,'2020-12-06',3,0,0,0,2,15000,30000,95,15000,1425000,'2020-12-06 21:14:41',0,2),
 (164,'2020-12-06',7,0,0,0,2,7000,14000,71,7000,497000,'2020-12-06 21:14:41',0,2),
 (165,'2020-12-06',35,0,0,0,1,4000,4000,17,4000,68000,'2020-12-06 21:14:41',0,2),
 (166,'2020-12-06',16,0,0,0,1,25000,25000,94,25000,2350000,'2020-12-06 21:14:41',0,2),
 (167,'2020-12-06',38,0,0,0,3,7000,21000,6,7000,42000,'2020-12-06 21:14:41',0,2),
 (168,'2020-12-06',21,0,0,0,1,20000,20000,96,20000,1920000,'2020-12-06 21:14:41',0,2),
 (169,'2020-12-06',24,0,0,0,1,35000,35000,99,35000,3465000,'2020-12-06 21:14:41',0,2),
 (170,'2020-12-06',32,0,0,0,1,5000,5000,7,5000,35000,'2020-12-06 21:14:41',0,2),
 (171,'2020-12-06',10,0,0,0,3,15000,45000,65,15000,975000,'2020-12-06 22:33:42',0,2),
 (172,'2020-12-06',2,0,0,0,2,15000,30000,90,15000,1350000,'2020-12-06 22:33:42',0,2),
 (173,'2020-12-06',7,0,0,0,4,7000,28000,67,7000,469000,'2020-12-06 22:33:42',0,2),
 (174,'2020-12-06',36,0,0,0,1,7000,7000,8,7000,56000,'2020-12-06 22:33:42',0,2),
 (175,'2020-12-06',21,0,0,0,1,20000,20000,95,20000,1900000,'2020-12-06 22:33:42',0,2),
 (176,'2020-12-06',1,0,0,0,4,20000,80000,52,20000,1040000,'2020-12-06 22:33:42',0,2),
 (177,'2020-12-06',38,0,0,0,3,7000,21000,3,7000,21000,'2020-12-06 22:33:42',0,2),
 (178,'2020-12-06',9,0,0,0,1,20000,20000,99,20000,1980000,'2020-12-06 22:33:42',0,2),
 (179,'2020-12-06',3,0,0,0,5,15000,75000,90,15000,1350000,'2020-12-06 22:33:42',0,2),
 (180,'2020-12-06',17,0,0,0,1,13000,13000,98,13000,1274000,'2020-12-06 22:33:42',0,2),
 (181,'2020-12-06',49,0,0,0,1,12000,12000,5,12000,60000,'2020-12-06 22:33:42',0,2),
 (182,'2020-12-13',5,0,0,0,2,5000,10000,98,5000,490000,'2020-12-13 21:58:42',0,2),
 (183,'2020-12-13',7,0,0,0,5,7000,35000,62,7000,434000,'2020-12-13 21:58:42',0,2),
 (184,'2020-12-13',15,0,0,0,1,25000,25000,96,25000,2400000,'2020-12-13 21:58:42',0,2),
 (185,'2020-12-13',13,0,0,0,1,20000,20000,96,20000,1920000,'2020-12-13 21:58:42',0,2),
 (186,'2020-12-13',31,0,0,0,1,5000,5000,3,5000,15000,'2020-12-13 21:58:42',0,2),
 (187,'2020-12-13',46,0,0,0,3,7000,21000,13,7000,91000,'2020-12-13 21:58:42',0,2),
 (188,'2020-12-13',10,0,0,0,10,15000,150000,55,15000,825000,'2020-12-13 21:58:42',0,2),
 (189,'2020-12-13',37,0,0,0,1,7000,7000,4,7000,28000,'2020-12-13 21:58:42',0,2),
 (190,'2020-12-13',38,0,0,0,3,7000,21000,0,7000,0,'2020-12-13 21:58:42',0,2),
 (191,'2020-12-13',1,0,0,0,2,20000,40000,50,20000,1000000,'2020-12-13 21:58:42',0,2),
 (192,'2020-12-13',16,0,0,0,9,25000,225000,85,25000,2125000,'2020-12-13 21:58:42',0,2);
INSERT INTO kardex VALUES
 (193,'2020-12-13',11,0,0,0,4,18000,72000,74,18000,1332000,'2020-12-13 21:58:42',0,2),
 (194,'2020-12-13',29,0,0,0,1,9000,9000,7,9000,63000,'2020-12-13 21:58:42',0,2),
 (195,'2020-12-13',18,0,0,0,1,15000,15000,97,15000,1455000,'2020-12-13 21:58:42',0,2),
 (196,'2020-12-19',58,100,2500,250000,0,0,0,100,2500,250000,'2020-12-19 18:26:26',0,5),
 (197,'2020-12-19',59,100,3000,300000,0,0,0,100,3000,300000,'2020-12-19 18:27:26',0,5),
 (198,'2020-12-19',38,10,7000,70000,0,0,0,10,7000,70000,'2020-12-19 19:52:47',0,3),
 (199,'2020-12-19',60,100,4000,400000,0,0,0,100,4000,400000,'2020-12-19 20:01:44',0,5),
 (200,'2020-12-19',1,0,0,0,3,20000,60000,47,20000,940000,'2020-12-19 20:18:49',0,2),
 (201,'2020-12-19',3,0,0,0,3,15000,45000,87,15000,1305000,'2020-12-19 20:18:49',0,2),
 (202,'2020-12-19',2,0,0,0,2,15000,30000,88,15000,1320000,'2020-12-19 20:18:49',0,2),
 (203,'2020-12-19',58,0,0,0,1,2500,2500,99,2500,247500,'2020-12-19 20:18:49',0,2),
 (204,'2020-12-19',59,0,0,0,1,3000,3000,99,3000,297000,'2020-12-19 20:18:49',0,2),
 (205,'2020-12-19',41,0,0,0,8,6000,48000,9,6000,54000,'2020-12-19 20:18:49',0,2),
 (206,'2020-12-19',35,0,0,0,1,4000,4000,16,4000,64000,'2020-12-19 20:18:49',0,2),
 (207,'2020-12-19',38,0,0,0,1,7000,7000,9,7000,63000,'2020-12-19 20:18:49',0,2),
 (208,'2020-12-19',23,0,0,0,1,25000,25000,99,25000,2475000,'2020-12-19 20:18:49',0,2),
 (209,'2020-12-19',21,0,0,0,1,20000,20000,94,20000,1880000,'2020-12-19 20:18:49',0,2),
 (210,'2020-12-19',60,0,0,0,1,4000,4000,99,4000,396000,'2020-12-19 20:18:49',0,2),
 (211,'2020-12-19',27,0,0,0,1,10000,10000,99,10000,990000,'2020-12-19 20:18:49',0,2),
 (212,'2020-12-19',10,0,0,0,2,15000,30000,53,15000,795000,'2020-12-19 20:18:49',0,2),
 (213,'2020-12-19',7,0,0,0,1,7000,7000,61,7000,427000,'2020-12-19 20:18:49',0,2),
 (214,'2020-12-19',11,0,0,0,3,18000,54000,71,18000,1278000,'2020-12-19 20:18:49',0,2),
 (215,'2020-12-19',16,0,0,0,1,25000,25000,84,25000,2100000,'2020-12-19 20:18:49',0,2),
 (216,'2020-12-19',12,0,0,0,1,15000,15000,98,15000,1470000,'2020-12-19 22:25:49',0,2),
 (217,'2020-12-19',33,0,0,0,1,5000,5000,11,5000,55000,'2020-12-19 22:25:49',0,2),
 (218,'2020-12-19',2,0,0,0,8,15000,120000,80,15000,1200000,'2020-12-19 22:25:49',0,2),
 (219,'2020-12-19',11,0,0,0,5,18000,90000,66,18000,1188000,'2020-12-19 22:25:49',0,2),
 (220,'2020-12-19',46,0,0,0,6,7000,42000,7,7000,49000,'2020-12-19 22:25:49',0,2),
 (221,'2020-12-19',31,0,0,0,1,5000,5000,2,5000,10000,'2020-12-19 22:25:49',0,2),
 (222,'2020-12-19',44,0,0,0,1,12000,12000,16,12000,192000,'2020-12-19 22:25:49',0,2),
 (223,'2020-12-19',26,0,0,0,1,10000,10000,4,10000,40000,'2020-12-19 22:25:49',0,2),
 (224,'2020-12-19',13,0,0,0,1,20000,20000,95,20000,1900000,'2020-12-19 22:25:49',0,2),
 (225,'2020-12-19',29,0,0,0,1,9000,9000,6,9000,54000,'2020-12-19 22:25:49',0,2),
 (226,'2020-12-19',7,0,0,0,6,7000,42000,55,7000,385000,'2020-12-19 22:25:49',0,2),
 (227,'2020-12-19',16,0,0,0,2,25000,50000,82,25000,2050000,'2020-12-19 22:25:49',0,2),
 (228,'2020-12-19',32,0,0,0,4,5000,20000,3,5000,15000,'2020-12-19 22:25:49',0,2),
 (229,'2020-12-19',1,0,0,0,2,20000,40000,45,20000,900000,'2020-12-19 22:25:49',0,2),
 (230,'2020-12-19',38,0,0,0,1,7000,7000,8,7000,56000,'2020-12-19 22:25:49',0,2),
 (231,'2020-12-19',10,0,0,0,1,15000,15000,52,15000,780000,'2020-12-19 22:25:49',0,2),
 (232,'2020-12-19',49,0,0,0,1,12000,12000,4,12000,48000,'2020-12-19 22:25:49',0,2),
 (233,'2020-12-20',61,100,45000,4500000,0,0,0,100,45000,4500000,'2020-12-20 20:42:38',0,5),
 (234,'2020-12-20',1,0,0,0,3,20000,60000,42,20000,840000,'2020-12-20 22:41:54',0,2),
 (235,'2020-12-20',14,0,0,0,3,25000,75000,94,25000,2350000,'2020-12-20 22:41:54',0,2),
 (236,'2020-12-20',7,0,0,0,5,7000,35000,50,7000,350000,'2020-12-20 22:41:54',0,2),
 (237,'2020-12-20',61,0,0,0,1,45000,45000,99,45000,4455000,'2020-12-20 22:41:54',0,2),
 (238,'2020-12-20',47,0,0,0,2,5000,10000,38,5000,190000,'2020-12-20 22:41:54',0,2),
 (239,'2020-12-20',22,0,0,0,2,25000,50000,97,25000,2425000,'2020-12-20 22:41:54',0,2),
 (240,'2020-12-20',38,0,0,0,1,7000,7000,7,7000,49000,'2020-12-20 22:41:54',0,2),
 (241,'2020-12-20',23,0,0,0,1,25000,25000,98,25000,2450000,'2020-12-20 22:41:54',0,2),
 (242,'2020-12-20',33,0,0,0,1,5000,5000,10,5000,50000,'2020-12-20 22:41:54',0,2),
 (243,'2020-12-20',34,0,0,0,1,5000,5000,12,5000,60000,'2020-12-20 22:41:54',0,2),
 (244,'2020-12-20',52,0,0,0,2,5000,10000,96,5000,480000,'2020-12-20 22:41:54',0,2),
 (245,'2020-12-20',18,0,0,0,1,15000,15000,96,15000,1440000,'2020-12-20 22:41:54',0,2),
 (246,'2020-12-20',2,0,0,0,1,15000,15000,79,15000,1185000,'2020-12-20 22:41:54',0,2),
 (247,'2020-12-20',11,0,0,0,3,18000,54000,63,18000,1134000,'2020-12-20 22:41:54',0,2),
 (248,'2020-12-20',49,0,0,0,1,12000,12000,3,12000,36000,'2020-12-20 22:41:54',0,2),
 (249,'2020-12-20',30,0,0,0,1,4000,4000,17,4000,68000,'2020-12-20 22:41:54',0,2),
 (250,'2020-12-25',1,0,0,0,2,20000,40000,40,20000,800000,'2020-12-25 16:46:46',0,2),
 (251,'2020-12-25',2,0,0,0,2,15000,30000,77,15000,1155000,'2020-12-25 16:46:46',0,2),
 (252,'2020-12-25',7,0,0,0,3,7000,21000,47,7000,329000,'2020-12-25 16:46:46',0,2),
 (253,'2020-12-25',40,0,0,0,1,25000,25000,96,25000,2400000,'2020-12-25 16:46:46',0,2),
 (254,'2020-12-25',11,0,0,0,1,18000,18000,62,18000,1116000,'2020-12-25 16:46:46',0,2),
 (255,'2020-12-25',10,0,0,0,2,15000,30000,50,15000,750000,'2020-12-25 16:46:46',0,2),
 (256,'2020-12-25',47,0,0,0,2,5000,10000,36,5000,180000,'2020-12-25 16:46:46',0,2),
 (257,'2020-12-27',28,100,8000,800000,0,0,0,100,8000,800000,'2020-12-27 21:49:06',0,3),
 (258,'2020-12-27',61,0,0,0,3,45000,135000,96,45000,4320000,'2020-12-27 22:47:34',0,2),
 (259,'2020-12-27',1,0,0,0,12,20000,240000,28,20000,560000,'2020-12-27 22:47:34',0,2),
 (260,'2020-12-27',7,0,0,0,4,7000,28000,43,7000,301000,'2020-12-27 22:47:34',0,2),
 (261,'2020-12-27',60,0,0,0,5,4000,20000,94,4000,376000,'2020-12-27 22:47:34',0,2),
 (262,'2020-12-27',22,0,0,0,3,25000,75000,94,25000,2350000,'2020-12-27 22:47:34',0,2),
 (263,'2020-12-27',2,0,0,0,3,15000,45000,74,15000,1110000,'2020-12-27 22:47:34',0,2),
 (264,'2020-12-27',16,0,0,0,7,25000,175000,75,25000,1875000,'2020-12-27 22:47:34',0,2),
 (265,'2020-12-27',47,0,0,0,6,5000,30000,30,5000,150000,'2020-12-27 22:47:34',0,2),
 (266,'2020-12-27',10,0,0,0,2,15000,30000,48,15000,720000,'2020-12-27 22:47:34',0,2),
 (267,'2020-12-27',30,0,0,0,1,4000,4000,16,4000,64000,'2020-12-27 22:47:34',0,2),
 (268,'2020-12-27',12,0,0,0,1,15000,15000,97,15000,1455000,'2020-12-27 22:47:34',0,2),
 (269,'2020-12-27',38,0,0,0,1,7000,7000,6,7000,42000,'2020-12-27 22:47:34',0,2),
 (270,'2020-12-27',11,0,0,0,3,18000,54000,59,18000,1062000,'2020-12-27 22:47:34',0,2),
 (271,'2020-12-27',21,0,0,0,2,20000,40000,92,20000,1840000,'2020-12-27 22:47:34',0,2),
 (272,'2020-12-27',23,0,0,0,2,25000,50000,96,25000,2400000,'2020-12-27 22:47:34',0,2),
 (273,'2020-12-27',24,0,0,0,1,35000,35000,98,35000,3430000,'2020-12-27 22:47:34',0,2),
 (274,'2021-01-02',1,0,0,0,2,20000,40000,26,20000,520000,'2021-01-02 22:22:27',0,2),
 (275,'2021-01-02',11,0,0,0,1,18000,18000,58,18000,1044000,'2021-01-02 22:22:27',0,2),
 (276,'2021-01-02',52,0,0,0,12,5000,60000,84,5000,420000,'2021-01-02 22:22:27',0,2),
 (277,'2021-01-02',61,0,0,0,2,45000,90000,94,45000,4230000,'2021-01-02 22:22:27',0,2),
 (278,'2021-01-02',49,0,0,0,1,12000,12000,2,12000,24000,'2021-01-02 22:22:27',0,2),
 (279,'2021-01-02',10,0,0,0,8,15000,120000,40,15000,600000,'2021-01-02 22:22:27',0,2),
 (280,'2021-01-02',16,0,0,0,1,25000,25000,74,25000,1850000,'2021-01-02 22:22:27',0,2),
 (281,'2021-01-02',3,0,0,0,2,15000,30000,85,15000,1275000,'2021-01-02 22:22:27',0,2),
 (282,'2021-01-02',24,0,0,0,1,35000,35000,97,35000,3395000,'2021-01-02 22:22:27',0,2),
 (283,'2021-01-02',38,0,0,0,4,7000,28000,2,7000,14000,'2021-01-02 22:22:27',0,2),
 (284,'2021-01-02',23,0,0,0,1,25000,25000,95,25000,2375000,'2021-01-02 22:22:27',0,2),
 (285,'2021-01-02',21,0,0,0,1,20000,20000,91,20000,1820000,'2021-01-02 22:22:27',0,2),
 (286,'2021-01-02',41,0,0,0,3,6000,18000,6,6000,36000,'2021-01-02 22:22:27',0,2),
 (287,'2021-01-02',13,0,0,0,2,20000,40000,93,20000,1860000,'2021-01-02 22:22:27',0,2),
 (288,'2021-01-02',29,0,0,0,1,9000,9000,5,9000,45000,'2021-01-02 22:51:57',0,2),
 (289,'2021-01-02',52,0,0,0,8,5000,40000,76,5000,380000,'2021-01-02 22:51:57',0,2),
 (290,'2021-01-03',54,0,0,0,3,15000,45000,97,15000,1455000,'2021-01-03 20:58:20',0,2),
 (291,'2021-01-03',1,0,0,0,5,20000,100000,21,20000,420000,'2021-01-03 20:58:20',0,2),
 (292,'2021-01-03',2,0,0,0,1,15000,15000,73,15000,1095000,'2021-01-03 20:58:20',0,2),
 (293,'2021-01-03',16,0,0,0,3,25000,75000,71,25000,1775000,'2021-01-03 20:58:20',0,2),
 (294,'2021-01-03',44,0,0,0,2,12000,24000,14,12000,168000,'2021-01-03 20:58:20',0,2),
 (295,'2021-01-03',31,0,0,0,1,5000,5000,1,5000,5000,'2021-01-03 20:58:20',0,2),
 (296,'2021-01-03',10,0,0,0,7,15000,105000,33,15000,495000,'2021-01-03 20:58:20',0,2),
 (297,'2021-01-03',34,0,0,0,2,5000,10000,10,5000,50000,'2021-01-03 20:58:20',0,2),
 (298,'2021-01-03',52,0,0,0,9,5000,45000,67,5000,335000,'2021-01-03 20:58:20',0,2),
 (299,'2021-01-03',38,0,0,0,1,7000,7000,1,7000,7000,'2021-01-03 20:58:20',0,2),
 (300,'2021-01-03',12,0,0,0,3,15000,45000,94,15000,1410000,'2021-01-03 20:58:20',0,2),
 (301,'2021-01-03',30,0,0,0,1,4000,4000,15,4000,60000,'2021-01-03 20:58:20',0,2),
 (302,'2021-01-03',21,0,0,0,1,20000,20000,90,20000,1800000,'2021-01-03 20:58:20',0,2),
 (303,'2021-01-03',46,0,0,0,2,7000,14000,5,7000,35000,'2021-01-03 22:11:59',0,2),
 (304,'2021-01-03',33,0,0,0,1,5000,5000,9,5000,45000,'2021-01-03 22:11:59',0,2),
 (305,'2021-01-03',1,0,0,0,5,20000,100000,16,20000,320000,'2021-01-03 22:11:59',0,2),
 (306,'2021-01-03',44,0,0,0,2,12000,24000,12,12000,144000,'2021-01-03 22:11:59',0,2),
 (307,'2021-01-03',22,0,0,0,1,25000,25000,93,25000,2325000,'2021-01-03 22:11:59',0,2),
 (308,'2021-01-03',24,0,0,0,1,35000,35000,96,35000,3360000,'2021-01-03 22:11:59',0,2),
 (309,'2021-01-03',2,0,0,0,1,15000,15000,72,15000,1080000,'2021-01-03 22:11:59',0,2),
 (310,'2021-01-03',10,0,0,0,1,15000,15000,32,15000,480000,'2021-01-03 22:11:59',0,2);
UNLOCK TABLES;

DROP TABLE IF EXISTS lineas;
CREATE TABLE `lineas` (
  `id_linea` int(11) NOT NULL AUTO_INCREMENT,
  `nombre_linea` varchar(255) CHARACTER SET utf8 NOT NULL,
  `descripcion_linea` text CHARACTER SET utf8 NOT NULL,
  `estado_linea` int(11) NOT NULL,
  `date_added` datetime NOT NULL,
  PRIMARY KEY (`id_linea`)
) ENGINE=InnoDB AUTO_INCREMENT=8 DEFAULT CHARSET=utf8mb4;

LOCK TABLES lineas WRITE;
INSERT INTO lineas VALUES
 (1,'LANCHES','VARIOS',1,'2020-11-28 20:22:46'),
 (2,'REFRIGERANTE','VARIOS',1,'2020-11-28 20:40:16'),
 (3,'SORVETE','VARIOS',1,'2020-11-28 20:53:34'),
 (4,'JUGOS','VARIOS',1,'2020-11-28 21:41:31'),
 (5,'AGUA','VARIOS',1,'2020-11-28 21:46:34'),
 (6,'CERVEJA','VARIOS',1,'2020-11-29 22:12:27'),
 (7,'PICOLE','VARIOS',1,'2020-12-03 19:13:13');
UNLOCK TABLES;

DROP TABLE IF EXISTS modulos;
CREATE TABLE `modulos` (
  `id_modulo` int(11) NOT NULL AUTO_INCREMENT,
  `nombre_modulo` varchar(30) CHARACTER SET utf8 NOT NULL,
  PRIMARY KEY (`id_modulo`)
) ENGINE=InnoDB AUTO_INCREMENT=12 DEFAULT CHARSET=utf8mb4;

LOCK TABLES modulos WRITE;
INSERT INTO modulos VALUES
 (1,'Inicio'),
 (2,'Productos'),
 (3,'Proveedores'),
 (4,'Clientes'),
 (5,'Reportes'),
 (6,'Configuracion'),
 (7,'Usuarios'),
 (8,'Permisos'),
 (9,'Categorias'),
 (10,'Ventas'),
 (11,'Compras');
UNLOCK TABLES;

DROP TABLE IF EXISTS objetos;
CREATE TABLE `objetos` (
  `id` int(255) NOT NULL AUTO_INCREMENT,
  `nombre` varchar(100) NOT NULL,
  PRIMARY KEY (`id`)
) ENGINE=InnoDB DEFAULT CHARSET=utf8mb4;

DROP TABLE IF EXISTS perfil;
CREATE TABLE `perfil` (
  `id_perfil` int(11) NOT NULL AUTO_INCREMENT,
  `nombre_empresa` varchar(150) CHARACTER SET latin1 NOT NULL,
  `giro_empresa` text CHARACTER SET utf8 NOT NULL,
  `fiscal_empresa` varchar(25) CHARACTER SET utf8 NOT NULL,
  `direccion` varchar(255) CHARACTER SET latin1 NOT NULL,
  `ciudad` varchar(100) CHARACTER SET latin1 NOT NULL,
  `telefono` varchar(20) CHARACTER SET latin1 NOT NULL,
  `email` varchar(64) CHARACTER SET latin1 NOT NULL,
  `impuesto` int(2) NOT NULL,
  `nom_impuesto` varchar(50) CHARACTER SET utf8 NOT NULL,
  `moneda` varchar(6) CHARACTER SET latin1 NOT NULL,
  `logo_url` varchar(255) CHARACTER SET latin1 NOT NULL,
  PRIMARY KEY (`id_perfil`)
) ENGINE=InnoDB AUTO_INCREMENT=2 DEFAULT CHARSET=utf8mb4;

LOCK TABLES perfil WRITE;
INSERT INTO perfil VALUES
 (1,'TOP LANCHES','VENTA DE VARIOS LANCHES','2385395-6','AVDA. PRINCIPAL','NARANJAL','12345678','info@toplanches.com',10,'IVA','Gs.','../../img/1552968217_LogoMakr_0pyZOL.png');
UNLOCK TABLES;

DROP TABLE IF EXISTS productos;
CREATE TABLE `productos` (
  `id_producto` int(11) NOT NULL AUTO_INCREMENT,
  `codigo_producto` varchar(255) CHARACTER SET latin1 NOT NULL,
  `nombre_producto` varchar(255) CHARACTER SET utf8 NOT NULL,
  `descripcion_producto` text CHARACTER SET utf8 NOT NULL,
  `id_linea_producto` int(11) NOT NULL,
  `id_med_producto` int(11) NOT NULL,
  `id_proveedor` int(11) NOT NULL,
  `inv_producto` tinyint(4) NOT NULL,
  `iva_producto` tinyint(4) NOT NULL,
  `estado_producto` tinyint(4) NOT NULL,
  `costo_producto` double NOT NULL,
  `utilidad_producto` double NOT NULL,
  `moneda_producto` int(11) NOT NULL,
  `valor1_producto` double NOT NULL,
  `valor2_producto` double NOT NULL,
  `stock_producto` double NOT NULL,
  `stock_min_producto` double NOT NULL,
  `date_added` datetime NOT NULL,
  `id_imp_producto` int(11) NOT NULL,
  `unidad_medida` varchar(20) NOT NULL,
  PRIMARY KEY (`id_producto`),
  KEY `id_cat_producto` (`id_linea_producto`),
  KEY `id_med_producto` (`id_med_producto`),
  KEY `id_proveedor` (`id_proveedor`)
) ENGINE=InnoDB AUTO_INCREMENT=62 DEFAULT CHARSET=utf8mb4 ROW_FORMAT=COMPACT;

LOCK TABLES productos WRITE;
INSERT INTO productos VALUES
 (1,'10000','HAMBURGUESA COMPLETO','',1,0,1,0,0,1,20000,0,0,20000,0,16,1,'2020-11-28 20:26:07',0,'Unidad'),
 (2,'10001','HAMBURGUESA SIMPLES','',1,0,1,0,0,1,15000,0,0,15000,0,72,1,'2020-11-28 20:26:53',0,'Unidad'),
 (3,'10002','SANDWICH DE LOMITO','',1,0,1,0,0,1,15000,0,0,15000,0,85,1,'2020-11-28 20:27:23',0,'Unidad'),
 (4,'10003','MIXTO','',1,0,1,0,0,1,5000,0,0,5000,0,98,1,'2020-11-28 20:27:49',0,'Unidad'),
 (5,'10004','BAURU','',1,0,1,0,0,1,5000,0,0,5000,0,98,1,'2020-11-28 20:28:17',0,'Unidad'),
 (6,'10005','ENPANADA','',1,0,1,0,0,1,5000,0,0,5000,0,92,1,'2020-11-28 20:28:48',0,'Unidad'),
 (7,'10006','PASTELAO','',1,0,1,0,0,1,7000,0,0,7000,0,43,1,'2020-11-28 20:29:15',0,'Unidad'),
 (8,'10007','TAPIOCA','',1,0,1,0,0,1,5000,0,0,5000,0,100,1,'2020-11-28 20:29:36',0,'Unidad'),
 (9,'10008','CHIVITO','',1,0,1,0,0,1,20000,0,0,20000,0,99,1,'2020-11-28 20:29:54',0,'Unidad'),
 (10,'10009','LOMITO MIXTO','',1,0,1,0,0,1,15000,0,0,15000,0,32,1,'2020-11-28 20:31:26',0,'Unidad'),
 (11,'10010','LOMITO CARNE','',1,0,1,0,0,1,18000,0,0,18000,0,58,1,'2020-11-28 20:31:48',0,'Unidad'),
 (12,'10011','LOMITO POLLO','',1,0,1,0,0,1,15000,0,0,15000,0,94,1,'2020-11-28 20:32:14',0,'Unidad'),
 (13,'10012','LOMITO QUESO','',1,0,1,0,0,1,20000,0,0,20000,0,93,1,'2020-11-28 20:32:43',0,'Unidad'),
 (14,'10013','LOMITO CHEDDAR BACON','',1,0,1,0,0,1,25000,0,0,25000,0,94,1,'2020-11-28 20:33:50',0,'Unidad'),
 (15,'10014','LOMITO CALABRESA','',1,0,1,0,0,1,25000,0,0,25000,0,96,1,'2020-11-28 20:34:12',0,'Unidad'),
 (16,'10015','LOMITO CASA','',1,0,1,0,0,1,25000,0,0,25000,0,71,1,'2020-11-28 20:34:44',0,'Unidad'),
 (17,'10016','SHAWARMA VEGETARIANO','',1,0,1,0,0,1,13000,0,0,13000,0,98,1,'2020-11-28 20:35:15',0,'Unidad'),
 (18,'10017','LOMITO CHOCOLATE','',1,0,1,0,0,1,15000,0,0,15000,0,96,1,'2020-11-28 20:35:39',0,'Unidad'),
 (19,'10018','LOMITO DULCE DE LECHE','',1,0,1,0,0,1,15000,0,0,15000,0,100,1,'2020-11-28 20:36:06',0,'Unidad'),
 (20,'10019','LOMITO ROMEO Y JULIETA','',1,0,1,0,0,1,15000,0,0,15000,0,100,1,'2020-11-28 20:36:32',0,'Unidad'),
 (21,'10020','PAPA FRITA MEDIANA','',1,0,1,0,0,1,20000,0,0,20000,0,90,1,'2020-11-28 20:37:15',0,'Unidad'),
 (22,'10021','PAPA FRITA GRANDE','',1,0,1,0,0,1,25000,0,0,25000,0,93,1,'2020-11-28 20:37:41',0,'Unidad'),
 (23,'10022','POLLO FRITO MEDIANA','',1,0,1,0,0,1,25000,0,0,25000,0,95,1,'2020-11-28 20:38:07',0,'Unidad'),
 (24,'10023','POLLO FRITO GRANDE','',1,0,1,0,0,1,35000,0,0,35000,0,96,1,'2020-11-28 20:38:33',0,'Unidad'),
 (25,'10024','SORVETE C/ BOLA','',3,0,2,0,0,1,3000,0,0,3000,0,99,1,'2020-11-28 20:55:50',0,'Unidad'),
 (26,'10025','COCA COLA 1.5 LTS','',2,0,3,0,10,1,10000,0,0,10000,0,4,1,'2020-11-28 21:05:03',0,'Unidad'),
 (27,'10026','SORVETE 3 BOLAS','',3,0,2,0,0,1,10000,0,0,10000,0,99,1,'2020-11-28 21:10:18',0,'Unidad'),
 (28,'10027','COCA COLA 1 LTS','',2,0,3,0,10,1,8000,0,0,8000,0,100,1,'2020-11-28 21:17:45',0,'Unidad'),
 (29,'10028','FRUGOS 1 LT.','VARIOS',4,0,3,0,10,1,9000,0,0,9000,0,5,1,'2020-11-28 21:42:33',0,'Unidad'),
 (30,'10029','ADES 200 ML','VARIOS',4,0,3,0,10,1,4000,0,0,4000,0,15,1,'2020-11-28 21:43:04',0,'Unidad'),
 (31,'10030','COCA COLA 500 ML.','',2,0,3,0,10,1,5000,0,0,5000,0,1,1,'2020-11-28 21:43:58',0,'Unidad'),
 (32,'10031','SPRITE 500 ML','',2,0,3,0,10,1,5000,0,0,5000,0,3,1,'2020-11-28 21:44:34',0,'Unidad'),
 (33,'10032','FANTA GUARANA 500 ML','',2,0,3,0,10,1,5000,0,0,5000,0,9,1,'2020-11-28 21:45:08',0,'Unidad'),
 (34,'10033','FANTA NARANJA 500 ML','',2,0,3,0,10,1,5000,0,0,5000,0,10,1,'2020-11-28 21:45:39',0,'Unidad'),
 (35,'10034','AGUA DASANI 500 ML C/S/ GAS','',5,0,3,0,10,1,4000,0,0,4000,0,16,1,'2020-11-28 21:48:13',0,'Unidad'),
 (36,'10035','FANTA PIÑA 1 LT VIDRIO','',2,0,3,0,10,1,7000,0,0,7000,0,8,1,'2020-11-28 21:53:53',0,'Unidad'),
 (37,'10036','SPRITE 1 LT VIDRIO ','',2,0,3,0,10,1,7000,0,0,7000,0,4,1,'2020-11-28 21:54:29',0,'Unidad'),
 (38,'10037','COCA COLA 1 LT VIDRIO','',2,0,3,0,10,1,7000,0,0,7000,0,1,1,'2020-11-28 21:55:07',0,'Unidad'),
 (39,'10038','FANTA NARANJA 1 LT VIDRIO','',2,0,3,0,10,1,7000,0,0,7000,0,5,1,'2020-11-28 21:55:45',0,'Unidad'),
 (40,'10039','JARRA JUGO NATURAL','',4,0,1,0,0,1,25000,0,0,25000,0,96,1,'2020-11-28 22:03:31',0,'Unidad'),
 (41,'10040','BUDWEISER LATA 269 CC','',6,0,3,0,10,1,6000,0,0,6000,0,6,1,'2020-11-29 22:18:08',0,'Unidad'),
 (43,'10042','BRAHMA LATA 269CC','',6,0,3,0,10,1,4000,0,0,4000,0,27,1,'2020-11-29 22:24:39',0,'Unidad'),
 (44,'10043','STELLA GARRAFA 600CC','',6,0,3,0,10,1,12000,0,0,12000,0,12,1,'2020-11-29 22:29:25',0,'Unidad'),
 (46,'10045','SKOL LONG 275CC','',6,0,3,0,10,1,7000,0,0,7000,0,5,1,'2020-11-29 23:32:33',0,'Unidad'),
 (47,'10046','SKOL LATA 269CC','',6,0,3,0,10,1,5000,0,0,5000,0,30,1,'2020-11-29 23:38:01',0,'Unidad'),
 (48,'10047','TODINHO 200 ML','',4,0,1,0,10,1,3000,0,0,3000,0,24,1,'2020-12-03 19:07:49',0,'Unidad'),
 (49,'10048','COCA COLA 2 LTS.','',2,0,3,0,10,1,12000,0,0,12000,0,2,1,'2020-12-03 19:09:18',0,'Unidad'),
 (50,'10049','PALETA MEXICANA','',7,0,2,0,10,1,10000,0,0,10000,0,9,1,'2020-12-03 19:14:08',0,'Unidad'),
 (51,'10050','POWERADE 500 ML','',2,0,3,0,10,1,8000,0,0,8000,0,6,1,'2020-12-03 19:25:14',0,'Unidad'),
 (52,'10051','PASTEL','',1,0,1,0,0,1,5000,0,0,5000,0,67,1,'2020-12-03 19:31:52',0,'Unidad'),
 (53,'10052','ACAI 200 ML.','',3,0,2,0,0,1,10000,0,0,10000,0,94,1,'2020-12-04 19:15:52',0,'Unidad'),
 (54,'10053','ACAI 250 ML','',3,0,2,0,0,1,15000,0,0,15000,0,97,1,'2020-12-04 19:16:12',0,'Unidad'),
 (55,'10054','LOMITO VEGETARIANO','',1,0,1,0,10,1,13000,0,0,13000,0,99,1,'2020-12-05 19:14:13',0,'Unidad'),
 (56,'10055','VASO JUGO NATURAL','',4,0,1,0,10,1,8000,0,0,8000,0,98,1,'2020-12-05 22:46:27',0,'Unidad'),
 (57,'10056','FANTA GUARANA 2 LTS','',2,0,3,0,10,1,12000,0,0,12000,0,2,1,'2020-12-06 19:53:53',0,'Unidad'),
 (58,'10057','PICOLE DE FRUTAS','VARIOS',7,0,2,0,0,1,2500,0,0,2500,0,99,1,'2020-12-19 18:26:26',0,'Unidad'),
 (59,'10058','PICOLE DE LEITE','VARIOS',7,0,2,0,5,1,3000,0,0,3000,0,99,1,'2020-12-19 18:27:26',0,'Unidad'),
 (60,'10059','MORENINHA','VARIOS',3,0,2,0,10,1,4000,0,0,4000,0,94,1,'2020-12-19 20:01:44',0,'Unidad'),
 (61,'10060','PIZZA ','',1,0,1,0,0,1,45000,0,0,45000,0,94,1,'2020-12-20 20:42:38',0,'Unidad');
UNLOCK TABLES;

DROP TABLE IF EXISTS proveedores;
CREATE TABLE `proveedores` (
  `id_proveedor` int(11) NOT NULL AUTO_INCREMENT,
  `nombre_proveedor` varchar(255) CHARACTER SET utf8 NOT NULL,
  `fiscal_proveedor` varchar(100) CHARACTER SET utf8 NOT NULL,
  `web_proveedor` varchar(255) CHARACTER SET utf8 NOT NULL,
  `direccion_proveedor` text CHARACTER SET utf8 NOT NULL,
  `contacto_proveedor` varchar(255) CHARACTER SET utf8 NOT NULL,
  `email_proveedor` varchar(255) CHARACTER SET utf8 NOT NULL,
  `telefono_proveedor` varchar(100) CHARACTER SET utf8 NOT NULL,
  `date_added` datetime NOT NULL,
  `estado_proveedor` tinyint(4) NOT NULL,
  PRIMARY KEY (`id_proveedor`)
) ENGINE=InnoDB AUTO_INCREMENT=4 DEFAULT CHARSET=utf8mb4;

LOCK TABLES proveedores WRITE;
INSERT INTO proveedores VALUES
 (1,'TOP LANCHES','2385395-6','','AVDA. PRINCIPAL','TOP LANCHES','','123456','2020-11-28 20:24:13',1),
 (2,'DUBAY','123','','','DUBAY','','123','2020-11-28 20:54:34',1),
 (3,'DISTRIBUIDORA SOL S.R.L.','80047828-2','','SANTA RITA - ALTO PARANA','DISTRIBUIDORA SOL S.A.','','0673 220 683','2020-11-28 20:57:35',1);
UNLOCK TABLES;

DROP TABLE IF EXISTS servicios;
CREATE TABLE `servicios` (
  `id` int(255) NOT NULL AUTO_INCREMENT,
  `id_estado_servicio` int(255) NOT NULL,
  `id_grupo_servicio` int(255) NOT NULL,
  `fecha_emision` datetime NOT NULL,
  `fecha_prevision` datetime DEFAULT NULL,
  `moneda` varchar(50) NOT NULL,
  `id_cliente` int(11) NOT NULL,
  `id_objeto` int(255) NOT NULL,
  `id_articulo` int(255) NOT NULL,
  `detalles` varchar(100) NOT NULL,
  `id_tecnico` int(255) NOT NULL,
  `garantia` varchar(50) NOT NULL,
  `observacion` varchar(255) NOT NULL,
  PRIMARY KEY (`id`),
  KEY `fk_id_estado_servicio` (`id_estado_servicio`),
  KEY `fk_id_grupo_servicio` (`id_grupo_servicio`),
  KEY `fk_id_cliente` (`id_cliente`),
  KEY `fk_id_objeto` (`id_objeto`),
  KEY `fk_id_articulo` (`id_articulo`),
  KEY `fk_id_tecnico` (`id_tecnico`),
  CONSTRAINT `fk_id_articulo` FOREIGN KEY (`id_articulo`) REFERENCES `articulos` (`id`),
  CONSTRAINT `fk_id_cliente` FOREIGN KEY (`id_cliente`) REFERENCES `clientes` (`id_cliente`),
  CONSTRAINT `fk_id_estado_servicio` FOREIGN KEY (`id_estado_servicio`) REFERENCES `estados_servicios` (`id`),
  CONSTRAINT `fk_id_grupo_servicio` FOREIGN KEY (`id_grupo_servicio`) REFERENCES `grupos_servicios` (`id`),
  CONSTRAINT `fk_id_objeto` FOREIGN KEY (`id_objeto`) REFERENCES `objetos` (`id`),
  CONSTRAINT `fk_id_tecnico` FOREIGN KEY (`id_tecnico`) REFERENCES `tecnicos` (`id`)
) ENGINE=InnoDB DEFAULT CHARSET=utf8mb4;

DROP TABLE IF EXISTS stock;
CREATE TABLE `stock` (
  `id_stock` int(11) NOT NULL AUTO_INCREMENT,
  `id_producto_stock` int(11) NOT NULL,
  `id_sucursal_stock` int(11) NOT NULL,
  `cantidad_stock` double NOT NULL,
  PRIMARY KEY (`id_stock`),
  KEY `id_producto_stock` (`id_producto_stock`),
  KEY `id_sucursal_stock` (`id_sucursal_stock`)
) ENGINE=InnoDB DEFAULT CHARSET=utf8mb4;

DROP TABLE IF EXISTS sucursales;
CREATE TABLE `sucursales` (
  `id_sucursal` int(11) NOT NULL AUTO_INCREMENT,
  `codigo_sucursal` varchar(50) CHARACTER SET utf8 NOT NULL,
  `nombre_sucursal` varchar(255) CHARACTER SET utf8 NOT NULL,
  `direccion_sucursal` text CHARACTER SET utf8 NOT NULL,
  `limite_sucursal` double NOT NULL,
  `estado_sucursal` tinyint(4) NOT NULL,
  `fecha_added` datetime NOT NULL,
  PRIMARY KEY (`id_sucursal`)
) ENGINE=InnoDB AUTO_INCREMENT=2 DEFAULT CHARSET=utf8mb4;

LOCK TABLES sucursales WRITE;
INSERT INTO sucursales VALUES
 (1,'SC001','CASA MATRIZ','AVDA. PRINCIPAL',10,1,'2018-01-05 11:09:49');
UNLOCK TABLES;

DROP TABLE IF EXISTS tecnicos;
CREATE TABLE `tecnicos` (
  `id` int(255) NOT NULL AUTO_INCREMENT,
  `nombre` varchar(100) NOT NULL,
  PRIMARY KEY (`id`)
) ENGINE=InnoDB DEFAULT CHARSET=utf8mb4;

DROP TABLE IF EXISTS tmp_compra;
CREATE TABLE `tmp_compra` (
  `id_tmp` int(11) NOT NULL AUTO_INCREMENT,
  `id_producto` int(11) NOT NULL,
  `cantidad_tmp` double NOT NULL,
  `costo_tmp` double DEFAULT NULL,
  `session_id` varchar(100) CHARACTER SET utf8 COLLATE utf8_unicode_ci NOT NULL,
  PRIMARY KEY (`id_tmp`)
) ENGINE=MyISAM DEFAULT CHARSET=utf8mb4;

DROP TABLE IF EXISTS tmp_cotizacion;
CREATE TABLE `tmp_cotizacion` (
  `id_tmp` int(11) NOT NULL AUTO_INCREMENT,
  `id_producto` int(11) NOT NULL,
  `cantidad_tmp` double NOT NULL,
  `precio_tmp` double DEFAULT NULL,
  `desc_tmp` int(11) NOT NULL,
  `session_id` varchar(100) CHARACTER SET utf8 COLLATE utf8_unicode_ci NOT NULL,
  PRIMARY KEY (`id_tmp`)
) ENGINE=MyISAM DEFAULT CHARSET=utf8mb4;

DROP TABLE IF EXISTS tmp_ventas;
CREATE TABLE `tmp_ventas` (
  `id_tmp` int(11) NOT NULL AUTO_INCREMENT,
  `id_producto` int(11) NOT NULL,
  `cantidad_tmp` double NOT NULL,
  `precio_tmp` double DEFAULT NULL,
  `desc_tmp` int(11) NOT NULL,
  `session_id` varchar(100) CHARACTER SET utf8 COLLATE utf8_unicode_ci NOT NULL,
  PRIMARY KEY (`id_tmp`)
) ENGINE=MyISAM AUTO_INCREMENT=311 DEFAULT CHARSET=utf8mb4;

LOCK TABLES tmp_ventas WRITE;
INSERT INTO tmp_ventas VALUES
 (303,1,6,20000,0,'5idor511j18rj85h43ip9tdq3s'),
 (304,33,1,5000,0,'5idor511j18rj85h43ip9tdq3s'),
 (305,4,1,5000,0,'5idor511j18rj85h43ip9tdq3s'),
 (306,22,1,25000,0,'untuf0i9ok3blqdsfm2qpff4to'),
 (307,16,1,25000,0,'untuf0i9ok3blqdsfm2qpff4to'),
 (308,10,2,15000,0,'untuf0i9ok3blqdsfm2qpff4to'),
 (309,12,1,15000,0,'untuf0i9ok3blqdsfm2qpff4to'),
 (310,49,1,12000,0,'untuf0i9ok3blqdsfm2qpff4to');
UNLOCK TABLES;

DROP TABLE IF EXISTS user_group;
CREATE TABLE `user_group` (
  `user_group_id` int(11) NOT NULL,
  `name` varchar(64) CHARACTER SET latin1 COLLATE latin1_spanish_ci NOT NULL,
  `permission` text CHARACTER SET utf8 COLLATE utf8_bin NOT NULL,
  `date_added` datetime NOT NULL,
  PRIMARY KEY (`user_group_id`),
  KEY `user_group_id` (`user_group_id`)
) ENGINE=InnoDB DEFAULT CHARSET=utf8mb4;

LOCK TABLES user_group WRITE;
INSERT INTO user_group VALUES
 (1,'Super Administrador','Inicio,1,1,1;Productos,1,1,1;Proveedores,1,1,1;Clientes,1,1,1;Reportes,1,1,1;Configuracion,1,1,1;Usuarios,1,1,1;Permisos,1,1,1;Categorias,1,1,1;Ventas,1,1,1;Compras,1,1,1;','2017-08-09 10:22:15'),
 (2,'GERENTE','Inicio,1,0,0;Productos,1,0,0;Proveedores,1,0,0;Clientes,1,0,0;Reportes,1,0,0;Configuracion,1,0,0;Usuarios,1,0,0;Permisos,1,0,0;Categorias,1,0,0;Ventas,1,1,0;Compras,1,0,0;','2017-08-09 11:31:34'),
 (3,'FACTURADOR','Inicio,1,1,1;Productos,1,1,1;Proveedores,1,1,1;Clientes,1,1,1;Reportes,1,1,1;Configuracion,0,0,0;Usuarios,0,0,0;Permisos,0,0,0;Categorias,1,1,1;Ventas,1,1,1;Compras,1,1,1;','2017-09-15 22:44:50'),
 (4,'ADMINISTRADOR','Inicio,1,1,1;Productos,1,1,1;Proveedores,1,1,1;Clientes,1,1,1;Reportes,1,1,1;Configuracion,1,1,1;Usuarios,1,1,1;Permisos,1,1,1;Categorias,1,1,1;Ventas,1,1,1;Compras,1,1,1;','2017-11-21 11:33:36');
UNLOCK TABLES;

DROP TABLE IF EXISTS users;
CREATE TABLE `users` (
  `id_users` int(11) NOT NULL COMMENT 'auto incrementing user_id of each user, unique index',
  `nombre_users` varchar(20) CHARACTER SET utf8 COLLATE utf8_unicode_ci NOT NULL,
  `apellido_users` varchar(20) CHARACTER SET utf8 COLLATE utf8_unicode_ci NOT NULL,
  `usuario_users` varchar(64) CHARACTER SET utf8 COLLATE utf8_unicode_ci NOT NULL COMMENT 'user''s name, unique',
  `con_users` varchar(255) CHARACTER SET utf8 COLLATE utf8_unicode_ci NOT NULL COMMENT 'user''s password in salted and hashed format',
  `email_users` varchar(64) CHARACTER SET utf8 COLLATE utf8_unicode_ci NOT NULL COMMENT 'user''s email, unique',
  `tipo_users` tinyint(4) NOT NULL,
  `cargo_users` varchar(25) CHARACTER SET utf8 COLLATE utf8_unicode_ci NOT NULL,
  `sucursal_users` tinyint(4) NOT NULL,
  `date_added` datetime NOT NULL,
  `comision_users` double NOT NULL,
  PRIMARY KEY (`id_users`),
  UNIQUE KEY `user_name` (`usuario_users`),
  UNIQUE KEY `user_email` (`email_users`)
) ENGINE=InnoDB DEFAULT CHARSET=utf8mb4 COMMENT='user data';

LOCK TABLES users WRITE;
INSERT INTO users VALUES
 (0,'TOP','LANCHES','Caja','$2y$10$PinTSZOqYU9/rWWBduGYyOODzONaKg5t9OihN0fQE9saJ5BDQqfv.','caja@toplanches.com',0,'3',1,'2020-11-28 20:22:13',0),
 (1,'SUPER','ADMINISTRADOR','admin','$2y$10$MPVHzZ2ZPOWmtUUGCq3RXu31OTB.jo7M9LZ7PmPQYmgETSNn19ejO','root@admin.com',0,'1',1,'2016-05-21 15:06:00',0);
UNLOCK TABLES;

/*!40014 SET FOREIGN_KEY_CHECKS=@OLD_FOREIGN_KEY_CHECKS */;
/*!40101 SET SQL_MODE=@OLD_SQL_MODE */;
/*!40101 SET CHARACTER_SET_CLIENT=@OLD_CHARACTER_SET_CLIENT */;
/*!40101 SET CHARACTER_SET_RESULTS=@OLD_CHARACTER_SET_RESULTS */;
/*!40101 SET COLLATION_CONNECTION=@OLD_COLLATION_CONNECTION */;
